-- MySQL dump 10.13  Distrib 5.7.30, for Linux (x86_64)
--
-- Host: localhost    Database: db_pet
-- ------------------------------------------------------
-- Server version	5.7.30-0ubuntu0.18.04.1

/*!40101 SET @OLD_CHARACTER_SET_CLIENT=@@CHARACTER_SET_CLIENT */;
/*!40101 SET @OLD_CHARACTER_SET_RESULTS=@@CHARACTER_SET_RESULTS */;
/*!40101 SET @OLD_COLLATION_CONNECTION=@@COLLATION_CONNECTION */;
/*!40101 SET NAMES utf8 */;
/*!40103 SET @OLD_TIME_ZONE=@@TIME_ZONE */;
/*!40103 SET TIME_ZONE='+00:00' */;
/*!40014 SET @OLD_UNIQUE_CHECKS=@@UNIQUE_CHECKS, UNIQUE_CHECKS=0 */;
/*!40014 SET @OLD_FOREIGN_KEY_CHECKS=@@FOREIGN_KEY_CHECKS, FOREIGN_KEY_CHECKS=0 */;
/*!40101 SET @OLD_SQL_MODE=@@SQL_MODE, SQL_MODE='NO_AUTO_VALUE_ON_ZERO' */;
/*!40111 SET @OLD_SQL_NOTES=@@SQL_NOTES, SQL_NOTES=0 */;

--
-- Table structure for table `owner`
--

DROP TABLE IF EXISTS `owner`;
/*!40101 SET @saved_cs_client     = @@character_set_client */;
/*!40101 SET character_set_client = utf8 */;
CREATE TABLE `owner` (
  `owner_id` int(11) NOT NULL,
  `name` varchar(45) DEFAULT NULL,
  `surname` varchar(45) DEFAULT NULL,
  `street_address` varchar(45) DEFAULT NULL,
  `city` varchar(45) DEFAULT NULL,
  `state` varchar(45) DEFAULT NULL,
  `state_full` varchar(45) DEFAULT NULL,
  `zip_code` varchar(45) DEFAULT NULL,
  PRIMARY KEY (`owner_id`)
) ENGINE=InnoDB DEFAULT CHARSET=latin1;
/*!40101 SET character_set_client = @saved_cs_client */;

--
-- Dumping data for table `owner`
--

LOCK TABLES `owner` WRITE;
/*!40000 ALTER TABLE `owner` DISABLE KEYS */;
INSERT INTO `owner` VALUES (1070,'Jessica','Velazquez','3861 Woodbridge Lane','Southfield','MI','Michigan','48034'),(1132,'Rosa','Quarles','4791 Tennessee Avenue','Southfield','MI','Michigan','48034'),(1202,'Susan','Jackson','3677 Daylene Drive','Livonia','MI','Michigan','48154'),(1306,'Benjamin','Spears','1507 Twin Oaks Drive','Clam River','MI','Michigan','49612'),(1312,'Charles','Chidester','4086 Cottonwood Lane','Dutton','MI','Michigan','49316'),(1319,'Joe','Custer','2765 Wildrose Lane','Westland','MI','Michigan','48185'),(1334,'Jason','Cantwell','2372 Don Jackson Lane','Southfield','MI','Michigan','48075'),(1546,'Joseph','Blow','556 D Street','Southfield','MI','Michigan','48075'),(1653,'Carolyn','Crane','3952 Jarvisville Road','Lansing','MI','Michigan','48933'),(1766,'Doris','Ray','1700 Mahlon Street','Farmington Hills','MI','Michigan','48335'),(1899,'Jeffrey','Moore','2420 Echo Lane','Middleville','MI','Michigan','49333'),(1915,'Christopher','Bowers','3575 Woodbridge Lane','Detroit','MI','Michigan','48226'),(2063,'William','Vasquez','3806 Perry Street','Pontiac','MI','Michigan','48342'),(2103,'Robert','Adkins','2102 Perry Street','Flint','MI','Michigan','48548'),(2419,'Luisa','Cuellar','1308 Shingleton Road','Kalamazoo','MI','Michigan','49007'),(2700,'Wm','Poulson','3959 Summit Park Avenue','Southfield','MI','Michigan','48075'),(2722,'John','Jordan','1799 Elk Avenue','Michigan Center','MI','Michigan','49254'),(2755,'Anne','Hudson','4110 Howard Street','Grand Rapids','MI','Michigan','49503'),(2809,'Bruce','Dunne','4119 Kimberly Way','Grand Rapids','MI','Michigan','49503'),(2863,'John','Sebastian','3221 Perry Street','Davison','MI','Michigan','48423'),(2967,'Travis','Bowman','3265 Front Street','Southfield','MI','Michigan','48075'),(3034,'Paul','Haring','2612 Tennessee Avenue','Southfield','MI','Michigan','48034'),(3086,'Ed','Enriquez','3413 Reppert Coal Road','Warren','MI','Michigan','48093'),(3089,'Lee','McKenzie','3295 Pinewood Avenue','Marquette','MI','Michigan','49855'),(3245,'Susan','Luna','859 Corpening Drive','Commerce','MI','Michigan','48085'),(3518,'Connie','Pauley','1539 Cunningham Court','Bloomfield Township','MI','Michigan','48302'),(3615,'Marion','Glover','2311 Cherry Ridge Drive','Southfield','MI','Michigan','48075'),(3644,'Dorothy','Whitworth','1348 Ripple Street','Saginaw','MI','Michigan','48607'),(3661,'Bruce','Hart','2497 Nash Street','Southfield','MI','Michigan','48075'),(3663,'Lena','Haliburton','4217 Twin Oaks Drive','Traverse City','MI','Michigan','49684'),(3691,'Richard','Duke','78 Amethyst Drive','Lansing','MI','Michigan','48911'),(4110,'Gregory','Aucoin','4849 Elk Avenue','Lansing','MI','Michigan','48933'),(4185,'Andrew','Salazar','1968 Veltri Drive','Marquette','MI','Michigan','49855'),(4378,'George','McDonald','4715 Wood Duck Drive','Marquette','MI','Michigan','49855'),(4408,'Sabrina','Britton','1232 Owen Lane','Fremont','MI','Michigan','49412'),(4464,'Daniel','Nielson','4876 Tully Street','Detroit','MI','Michigan','48219'),(4793,'Thomas','Arnold','1028 Haven Lane','Lansing','MI','Michigan','48933'),(4989,'Sarah','Canada','3216 Reppert Coal Road','Bloomfield Township','MI','Michigan','48302'),(5168,'Robert','Foster','4680 Rubaiyat Road','Grand Rapids','MI','Michigan','49503'),(5207,'Susan','Corrigan','2569 Prudence Street','Detroit','MI','Michigan','48221'),(5215,'Larry','Hunt','3384 West Street','Grand Rapids','MI','Michigan','49503'),(5447,'Arthur','Reed','2651 Haven Lane','Lansing','MI','Michigan','48933'),(5502,'Raul','North','4838 Corpening Drive','Farmington','MI','Michigan','48336'),(5508,'Charles','Swarey','2463 Charles Street','Flint','MI','Michigan','48548'),(5737,'Alden','McMiller','3111 Tennessee Avenue','Pontiac','MI','Michigan','48342'),(5796,'Denise','Haire','3192 Woodbridge Lane','Detroit','MI','Michigan','48219'),(5806,'Jerry','Reyna','1073 Rubaiyat Road','Grand Rapids','MI','Michigan','49503'),(5833,'Mary','Hurtado','4865 Juniper Drive','Saint Charles','MI','Michigan','48655'),(6049,'Debbie','Metivier','315 Goff Avenue','Grand Rapids','MI','Michigan','49503'),(6102,'Robert','Partridge','704 Railroad Street','Marquette','MI','Michigan','49855'),(6157,'Dan','Hysell','3231 Hayhurst Lane','Plymouth','MI','Michigan','48170'),(6194,'Karen','Torres','3941 Ritter Avenue','Center Line','MI','Michigan','48015'),(6405,'Lawrence','Roder','1386 Hayhurst Lane','Southfield','MI','Michigan','48034'),(6406,'Catherine','Hundley','1381 Wildrose Lane','Highland Park','MI','Michigan','48203'),(6731,'Thomas','Boatwright','3149 Ripple Street','Saginaw','MI','Michigan','48607'),(6923,'Hassan','Stevens','3363 Shingleton Road','Bridgman','MI','Michigan','49106'),(7023,'Gertrude','Harris','736 Daylene Drive','Bloomfield Township','MI','Michigan','48302'),(7085,'Gene','Kern','4265 Pinewood Avenue','Bruce Crossing','MI','Michigan','49912'),(7101,'Bessie','Yen','30 Cunningham Court','Rochester Hills','MI','Michigan','48306'),(7219,'John','White','4723 West Street','Hudsonville','MI','Michigan','49426'),(7261,'Tony','Long','536 Bombardier Way','Ann Arbor','MI','Michigan','48104'),(7340,'Debra','Robins','3437 Summit Park Avenue','Southfield','MI','Michigan','48075'),(7343,'Bobbie','Junior','3930 Eagle Drive','Detroit','MI','Michigan','48219'),(7359,'Deborah','Bray','2859 Robinson Court','Caro','MI','Michigan','48723'),(7393,'Tom','Topper','3518 Haven Lane','Grand Ledge','MI','Michigan','48837'),(7484,'Mario','Riddle','17 Rubaiyat Road','Fruitport','MI','Michigan','49415'),(7579,'Ricardo','Peterson','4963 Mahlon Street','Ann Arbor','MI','Michigan','48104'),(7581,'Florence','Nolen','3103 Howard Street','Grand Rapids','MI','Michigan','49503'),(7606,'Edna','Moreno','2548 Wetzel Lane','Grand Rapids','MI','Michigan','49503'),(7663,'Julia','Gowan','1342 Ben Street','Lansing','MI','Michigan','48933'),(7772,'Gustavo','Jobe','249 Amethyst Drive','Bloomfield Township','MI','Michigan','48302'),(7846,'Elvia','Warren','2041 Eagle Drive','Southfield','MI','Michigan','48075'),(7908,'Paula','Browning','4915 Prudence Street','Lincoln Park','MI','Michigan','48146'),(8133,'Stacey','Randolph','1145 D Street','Southfield','MI','Michigan','48075'),(8143,'Jackie','Hatmaker','949 John Avenue','East Lansing','MI','Michigan','48823'),(8215,'Max','Smith','1054 Hayhurst Lane','Pontiac','MI','Michigan','48342'),(8316,'Daniel','Fay','894 Twin Oaks Drive','Grand Rapids','MI','Michigan','49503'),(8619,'Robert','Williams','2628 Ben Street','East Lansing','MI','Michigan','48823'),(8830,'Elizabeth','Griffin','2222 Daylene Drive','Southfield','MI','Michigan','48075'),(9037,'Roger','Lade','1315 Echo Lane','Grand Rapids','MI','Michigan','49503'),(9039,'Enrique','Baker','774 Robinson Court','Saginaw','MI','Michigan','48607'),(9365,'Bruce','Tatum','1712 Woodbridge Lane','Livonia','MI','Michigan','48150'),(9385,'Joyce','Lopez','1622 Goff Avenue','Kalamazoo','MI','Michigan','49007'),(9427,'Robert','McKinney','3425 Shingleton Road','Oshtemo','MI','Michigan','49077'),(9604,'William','Tea','367 Cherry Ridge Drive','Roseville','MI','Michigan','48066'),(9614,'Carmen','Ingram','1056 Eagle Drive','Detroit','MI','Michigan','48219'),(9828,'Steven','Sheldon','2664 Bombardier Way','Wayne','MI','Michigan','48184'),(9850,'Gary','Snider','3139 Nash Street','Detroit','MI','Michigan','48227'),(9900,'Marie','Floyd','314 Cunningham Court','Southfield','MI','Michigan','48075');
/*!40000 ALTER TABLE `owner` ENABLE KEYS */;
UNLOCK TABLES;

--
-- Table structure for table `pet`
--

DROP TABLE IF EXISTS `pet`;
/*!40101 SET @saved_cs_client     = @@character_set_client */;
/*!40101 SET character_set_client = utf8 */;
CREATE TABLE `pet` (
  `pet_id` varchar(45) NOT NULL,
  `name` varchar(45) DEFAULT NULL,
  `kind` varchar(45) DEFAULT NULL,
  `gender` varchar(45) DEFAULT NULL,
  `age` int(11) DEFAULT NULL,
  `owner_id` int(11) DEFAULT NULL,
  PRIMARY KEY (`pet_id`),
  KEY `owner_id_idx` (`owner_id`),
  CONSTRAINT `fk_pet_1` FOREIGN KEY (`owner_id`) REFERENCES `owner` (`owner_id`) ON DELETE CASCADE ON UPDATE CASCADE
) ENGINE=InnoDB DEFAULT CHARSET=latin1;
/*!40101 SET character_set_client = @saved_cs_client */;

--
-- Dumping data for table `pet`
--

LOCK TABLES `pet` WRITE;
/*!40000 ALTER TABLE `pet` DISABLE KEYS */;
INSERT INTO `pet` VALUES ('F1-1855','Bandit','Parrot','male',2,9604),('F2-3235','Danger','Dog','male',8,1306),('F6-5391','Cookie','Cat','female',9,5508),('G0-7675','Taz','Dog','male',4,8133),('G0-8531','Sojourner','Cat','female',0,8830),('G4-8096','Danger','Dog','male',9,9037),('G6-6501','Jake','Cat','male',2,3089),('G9-0817','Kashi','Cat','male',5,2722),('H2-8586','Antigone','Cat','female',8,7663),('H8-1429','Lily','Dog','female',3,7846),('H8-8856','Bandit','Parrot','male',11,6102),('I2-7926','Dior','Parrot','female',4,9900),('I5-4893','Cookie','Cat','female',3,7340),('I6-9459','Biscuit','Dog','female',4,6049),('I7-9550','Angel','Dog','female',12,3089),('J0-7893','Crockett','Dog','male',12,1334),('J1-6366','Bruce','Dog','male',3,8316),('J2-3320','Heisenberg','Dog','male',3,1319),('J2-4382','Dexter','Parrot','male',4,7261),('J6-8562','Blackie','Dog','male',11,5168),('J8-7429','Bonaparte','Dog','male',4,8215),('K0-8177','Bruce','Dog','male',12,2809),('K4-5012','Natacha','Parrot','female',11,2755),('L0-6660','Cookie','Dog','male',9,5806),('L2-1834','Collette','Dog','female',4,1306),('L4-2594','Newcastle','Cat','male',6,6405),('L4-4030','Bruce','Dog','male',1,5502),('L4-4205','Rumba','Cat','male',5,1312),('L4-6292','Bright','Dog','male',13,3089),('L4-9973','Houdini','Dog','male',5,2967),('L8-0046','Rumba','Cat','male',7,9828),('L8-9022','Bright','Dog','male',7,7085),('M0-2904','Simba','Cat','male',1,3086),('M2-1131','Rumba','Cat','male',8,1915),('M4-9675','Jeep','Cat','male',6,6923),('M8-7852','Cookie','Cat','female',8,7606),('N0-9539','Swiffer','Cat','male',14,9365),('N6-7350','Biscuit','Dog','female',8,3518),('N7-6805','Enyo','Cat','female',12,1202),('N8-0553','Tiger','Dog','male',15,7393),('O1-7229','Dexter','Parrot','male',10,7484),('O3-1895','Candy','Dog','female',3,8133),('O5-2472','Bright','Dog','male',12,4185),('O6-3123','Biscuit','Dog','female',2,6194),('O8-0027','Scooter','Dog','male',7,5737),('O8-2501','Bandit','Parrot','male',5,1899),('P0-1725','Lily','Dog','female',0,2419),('P1-2578','Tiger','Cat','male',14,3034),('P2-7342','Cuddles','Dog','male',13,4378),('P7-2443','Rumba','Cat','male',10,7219),('P9-3625','Cuddles','Dog','male',14,7579),('P9-6519','Cookie','Cat','female',6,1653),('Q0-2001','Roomba','Cat','male',9,5508),('Q0-3593','Oakley','Parrot','female',4,4989),('Q0-8904','Bright','Dog','male',1,4110),('Q2-3642','Thatcher','Parrot','female',8,8143),('Q4-9479','Candy','Dog','female',9,4408),('Q5-5872','Taz','Dog','male',12,2103),('Q8-0954','Lakshmi','Cat','female',7,9385),('Q8-3145','Peanut','Dog','female',13,5796),('Q8-8753','Danger','Dog','male',7,6157),('Q9-1565','Scout','Dog','female',14,1766),('R3-7551','Keller','Parrot','female',2,7908),('R4-6131','Biscuit','Dog','female',5,2863),('R7-4835','Cookie','Dog','male',12,5215),('S1-2243','Cuddles','Dog','male',2,5447),('S4-0789','Biscuit','Dog','female',10,7101),('S4-1063','Bruce','Dog','male',0,3691),('S4-2254','Draper','Cat','male',3,8619),('S4-4013','Pip','Dog','male',3,7484),('S4-9578','Scooter','Dog','male',9,9850),('S5-5938','Taz','Dog','male',6,9427),('T0-3277','Humbert','Cat','male',12,8133),('T0-5705','Biscuit','Dog','female',5,5833),('T2-2142','Stowe','Cat','female',15,1132),('T8-1754','Daisy','Dog','female',13,9850),('U0-5987','Ebenezer','Cat','male',0,5508),('U2-4205','Cuddles','Dog','male',5,3615),('U2-7207','Daisy','Dog','female',6,7023),('U4-5113','Tiger','Cat','male',12,7772),('U4-6674','Biscuit','Dog','female',1,3663),('U4-9376','Scout','Dog','female',2,7846),('U6-4890','Blackie','Dog','male',6,1546),('U8-6473','Biscuit','Dog','female',3,1070),('V2-4634','Goethe','Dog','male',12,2063),('V4-6172','Sarosh','Cat','female',9,7359),('V5-2342','Jake','Dog','male',8,9039),('V7-6771','Daisy','Dog','female',4,3245),('W7-6372','Daisy','Dog','female',8,3644),('W8-5750','Simba','Cat','male',15,6102),('W9-8307','Lexie','Dog','female',1,5207),('X0-8765','Vuitton','Parrot','female',11,7581),('X6-4876','Brandy','Cat','female',3,6406),('X7-2632','Maripol','Parrot','female',7,9614),('X8-8611','Schwarzkopf','Dog','male',4,6731),('X8-9212','Danger','Dog','male',5,3661),('Z4-4045','Simba','Cat','male',0,2700),('Z4-5652','Priya','Cat','female',7,7343),('Z6-3226','Simba','Cat','male',11,4793),('Z8-4419','Scooter','Dog','male',3,4464);
/*!40000 ALTER TABLE `pet` ENABLE KEYS */;
UNLOCK TABLES;

--
-- Table structure for table `procedure_detail`
--

DROP TABLE IF EXISTS `procedure_detail`;
/*!40101 SET @saved_cs_client     = @@character_set_client */;
/*!40101 SET character_set_client = utf8 */;
CREATE TABLE `procedure_detail` (
  `procedure_type` varchar(45) NOT NULL,
  `procedure_subcode` int(11) NOT NULL,
  `description` varchar(45) DEFAULT NULL,
  `price` decimal(10,0) DEFAULT NULL,
  PRIMARY KEY (`procedure_type`,`procedure_subcode`)
) ENGINE=InnoDB DEFAULT CHARSET=latin1;
/*!40101 SET character_set_client = @saved_cs_client */;

--
-- Dumping data for table `procedure_detail`
--

LOCK TABLES `procedure_detail` WRITE;
/*!40000 ALTER TABLE `procedure_detail` DISABLE KEYS */;
INSERT INTO `procedure_detail` VALUES ('GENERAL SURGERIES',1,'Anal Gland Caut',150),('GENERAL SURGERIES',2,'Aural Hematoma',108),('GENERAL SURGERIES',3,'Declaw',125),('GENERAL SURGERIES',4,'Dissolvable Suture',15),('GENERAL SURGERIES',5,'Ear Crop',350),('GENERAL SURGERIES',6,'Gastric Torsion',450),('GENERAL SURGERIES',7,'Hernia',390),('GENERAL SURGERIES',8,'Umbilical',175),('GENERAL SURGERIES',9,'Perineal',375),('GENERAL SURGERIES',10,'Unilat Inquinal',195),('GENERAL SURGERIES',11,'Intestinal Anas',775),('GENERAL SURGERIES',12,'Open Chest Surgery',500),('GENERAL SURGERIES',13,'Perineal Adenoma',175),('GENERAL SURGERIES',14,'Peritoneal Lavage',85),('GENERAL SURGERIES',15,'Pyloric Stenosis',425),('GENERAL SURGERIES',16,'Splenectomy',375),('GENERAL SURGERIES',17,'Radical Mastectomy',450),('GENERAL SURGERIES',18,'Salivary Cyst Ex',570),('GENERAL SURGERIES',19,'Tail Dock-Amputation',250),('GROOMING',1,'Bath',15),('GROOMING',2,'Flea Dip',15),('GROOMING',3,'Flea Spray',10),('HOSPITALIZATION',1,'All Hospitalization',25),('OFFICE FEES',1,'Office Call',32),('OFFICE FEES',2,'Emergency',100),('OFFICE FEES',3,'Reck',24),('ORTHOPEDIC',1,'Amput. per lim thor.',400),('ORTHOPEDIC',2,'Casting',97),('ORTHOPEDIC',3,'Re-Casting',62),('ORTHOPEDIC',4,'Fem. head Ostec.',420),('ORTHOPEDIC',5,'Lx Patella Repair',305),('ORTHOPEDIC',6,'Metamason Splint',50),('ORTHOPEDIC',7,'Pinning-I.M.',325),('ORTHOPEDIC',8,'Pin Removal',68),('ORTHOPEDIC',9,'Cast Removal',40),('VACCINATIONS',1,'Galaxie (DHLPP)',15),('VACCINATIONS',2,'Leukemia',20),('VACCINATIONS',3,'Lyme',15),('VACCINATIONS',4,'PCR',15),('VACCINATIONS',5,'Rabies',10),('VACCINATIONS',6,'Bordetella',10);
/*!40000 ALTER TABLE `procedure_detail` ENABLE KEYS */;
UNLOCK TABLES;

--
-- Table structure for table `procedure_history`
--

DROP TABLE IF EXISTS `procedure_history`;
/*!40101 SET @saved_cs_client     = @@character_set_client */;
/*!40101 SET character_set_client = utf8 */;
CREATE TABLE `procedure_history` (
  `pet_id` varchar(45) DEFAULT NULL,
  `date` date DEFAULT NULL,
  `procedure_type` varchar(45) DEFAULT NULL,
  `procedure_subcode` int(11) DEFAULT NULL,
  KEY `procedure_sub` (`procedure_subcode`),
  KEY `fk_procedure_pet_id_idx` (`pet_id`),
  KEY `fk_procedure_type_idx` (`procedure_type`),
  KEY `fk_procedure_history_2_idx` (`procedure_type`,`procedure_subcode`),
  CONSTRAINT `fk_procedure_history_1` FOREIGN KEY (`pet_id`) REFERENCES `pet` (`pet_id`) ON DELETE CASCADE ON UPDATE CASCADE,
  CONSTRAINT `fk_procedure_history_2` FOREIGN KEY (`procedure_type`, `procedure_subcode`) REFERENCES `procedure_detail` (`procedure_type`, `procedure_subcode`) ON DELETE CASCADE ON UPDATE CASCADE
) ENGINE=InnoDB DEFAULT CHARSET=latin1;
/*!40101 SET character_set_client = @saved_cs_client */;

--
-- Dumping data for table `procedure_history`
--

LOCK TABLES `procedure_history` WRITE;
/*!40000 ALTER TABLE `procedure_history` DISABLE KEYS */;
INSERT INTO `procedure_history` VALUES ('U6-4890','2016-01-10','VACCINATIONS',5),('X7-2632','2016-01-11','VACCINATIONS',5),('J0-7893','2016-01-11','VACCINATIONS',5),('P0-1725','2016-01-11','VACCINATIONS',5),('J6-8562','2016-01-12','HOSPITALIZATION',1),('X8-8611','2016-01-12','VACCINATIONS',5),('S4-0789','2016-01-12','VACCINATIONS',5),('R7-4835','2016-01-12','VACCINATIONS',5),('U2-7207','2016-01-12','VACCINATIONS',5),('J2-3320','2016-01-12','GENERAL SURGERIES',6),('U0-5987','2016-01-12','GENERAL SURGERIES',3),('I2-7926','2016-01-13','VACCINATIONS',5),('O8-0027','2016-01-13','VACCINATIONS',5),('Q8-3145','2016-01-13','VACCINATIONS',5),('G0-7675','2016-01-13','VACCINATIONS',5),('O1-7229','2016-01-13','VACCINATIONS',5),('F6-5391','2016-01-13','VACCINATIONS',5),('M2-1131','2016-01-13','VACCINATIONS',5),('I5-4893','2016-01-13','VACCINATIONS',5),('S4-0789','2016-01-13','GENERAL SURGERIES',14),('Q2-3642','2016-01-13','GROOMING',3),('U4-9376','2016-01-13','GROOMING',3),('S5-5938','2016-01-13','GROOMING',1),('M4-9675','2016-01-14','GROOMING',1),('O1-7229','2016-01-15','GENERAL SURGERIES',3),('Z6-3226','2016-01-16','ORTHOPEDIC',2),('M0-2904','2016-01-16','VACCINATIONS',3),('S4-1063','2016-01-16','VACCINATIONS',5),('L0-6660','2016-01-16','VACCINATIONS',5),('Q4-9479','2016-01-16','VACCINATIONS',5),('G6-6501','2016-01-16','VACCINATIONS',5),('N6-7350','2016-01-16','VACCINATIONS',5),('X0-8765','2016-01-16','VACCINATIONS',5),('L0-6660','2016-01-16','VACCINATIONS',5),('L8-0046','2016-01-16','VACCINATIONS',5),('R3-7551','2016-01-16','VACCINATIONS',5),('Q4-9479','2016-01-16','VACCINATIONS',5),('L8-9022','2016-01-16','VACCINATIONS',5),('U4-9376','2016-01-16','VACCINATIONS',5),('T0-5705','2016-01-16','VACCINATIONS',5),('L8-9022','2016-01-16','VACCINATIONS',5),('X0-8765','2016-01-16','VACCINATIONS',5),('G4-8096','2016-01-16','VACCINATIONS',5),('U4-9376','2016-01-16','VACCINATIONS',5),('S4-0789','2016-01-16','VACCINATIONS',5),('L8-9022','2016-01-16','VACCINATIONS',5),('N0-9539','2016-01-16','GENERAL SURGERIES',6),('Z6-3226','2016-01-16','GROOMING',3),('S4-2254','2016-01-16','GROOMING',1),('X8-8611','2016-01-16','GROOMING',1),('X8-8611','2016-01-16','GROOMING',1),('S5-5938','2016-01-17','GROOMING',1),('Q5-5872','2016-01-17','ORTHOPEDIC',8),('J2-3320','2016-01-18','VACCINATIONS',5),('W9-8307','2016-01-18','GROOMING',1),('K4-5012','2016-01-18','GENERAL SURGERIES',3),('Q0-3593','2016-01-19','OFFICE FEES',3),('N0-9539','2016-01-19','ORTHOPEDIC',5),('G0-7675','2016-01-20','VACCINATIONS',5),('J0-7893','2016-01-20','GROOMING',1),('O5-2472','2016-01-21','VACCINATIONS',5),('L4-2594','2016-01-22','VACCINATIONS',5),('X0-8765','2016-01-22','VACCINATIONS',5),('L8-9022','2016-01-22','VACCINATIONS',5),('X0-8765','2016-01-22','VACCINATIONS',5),('U6-4890','2016-01-22','VACCINATIONS',5),('U4-5113','2016-01-22','VACCINATIONS',5),('R4-6131','2016-01-22','VACCINATIONS',5),('X8-9212','2016-01-22','VACCINATIONS',5),('M2-1131','2016-01-22','VACCINATIONS',5),('I7-9550','2016-01-22','GROOMING',1),('O6-3123','2016-01-22','GENERAL SURGERIES',3),('J8-7429','2016-01-23','VACCINATIONS',5),('I7-9550','2016-01-23','VACCINATIONS',5),('S4-2254','2016-01-23','GENERAL SURGERIES',15),('Z8-4419','2016-01-23','GROOMING',1),('G0-8531','2016-01-24','VACCINATIONS',5),('L8-9022','2016-01-24','VACCINATIONS',5),('X8-8611','2016-01-24','GROOMING',3),('R3-7551','2016-01-25','GENERAL SURGERIES',15),('L4-6292','2016-01-25','VACCINATIONS',5),('L8-9022','2016-01-26','VACCINATIONS',5),('Q8-0954','2016-01-26','VACCINATIONS',5),('F6-5391','2016-01-26','VACCINATIONS',5),('I7-9550','2016-01-26','VACCINATIONS',5),('X8-9212','2016-01-26','VACCINATIONS',5),('L4-4205','2016-01-26','GROOMING',1),('X7-2632','2016-01-26','GENERAL SURGERIES',3),('Q8-8753','2016-01-27','VACCINATIONS',5),('R3-7551','2016-01-27','VACCINATIONS',5),('S4-4013','2016-01-27','VACCINATIONS',5),('O5-2472','2016-01-27','VACCINATIONS',5),('K0-8177','2016-01-27','VACCINATIONS',5),('U0-5987','2016-01-27','VACCINATIONS',5),('Z8-4419','2016-01-27','VACCINATIONS',5),('Q8-0954','2016-01-27','VACCINATIONS',5),('V5-2342','2016-01-27','VACCINATIONS',5),('T0-5705','2016-01-27','VACCINATIONS',5),('N6-7350','2016-01-27','VACCINATIONS',5),('P1-2578','2016-01-27','VACCINATIONS',5),('L4-4030','2016-01-27','VACCINATIONS',5),('H2-8586','2016-01-27','GENERAL SURGERIES',1),('J6-8562','2016-01-27','ORTHOPEDIC',5),('S5-5938','2016-01-27','GROOMING',3),('Q0-3593','2016-01-28','VACCINATIONS',5),('U4-5113','2016-01-28','VACCINATIONS',5),('L8-0046','2016-01-28','OFFICE FEES',3),('S4-1063','2016-01-28','GROOMING',3),('O8-2501','2016-01-28','GROOMING',3),('Q8-8753','2016-01-28','GROOMING',1),('N7-6805','2016-01-29','VACCINATIONS',5),('V5-2342','2016-01-29','VACCINATIONS',5),('Q8-8753','2016-01-29','VACCINATIONS',5),('U0-5987','2016-01-30','VACCINATIONS',5),('V5-2342','2016-01-30','VACCINATIONS',5),('P9-6519','2016-01-30','VACCINATIONS',5),('T0-3277','2016-01-30','VACCINATIONS',5),('Z4-4045','2016-01-30','VACCINATIONS',5),('U2-7207','2016-01-30','VACCINATIONS',5),('P7-2443','2016-01-30','VACCINATIONS',5),('T0-5705','2016-01-30','VACCINATIONS',5),('S4-1063','2016-01-30','HOSPITALIZATION',1),('K4-5012','2016-01-30','GENERAL SURGERIES',18),('S1-2243','2016-01-30','GROOMING',2),('Z6-3226','2016-01-30','ORTHOPEDIC',7),('X8-8611','2016-01-30','GENERAL SURGERIES',19),('F6-5391','2016-01-30','OFFICE FEES',2),('G6-6501','2016-01-30','GROOMING',3),('X7-2632','2016-01-30','GENERAL SURGERIES',3),('Q4-9479','2016-01-31','VACCINATIONS',5),('Q9-1565','2016-01-31','VACCINATIONS',5),('L4-9973','2016-01-31','VACCINATIONS',5),('P2-7342','2016-01-31','VACCINATIONS',5),('G4-8096','2016-01-31','VACCINATIONS',5),('U4-9376','2016-01-31','VACCINATIONS',5),('W9-8307','2016-01-31','VACCINATIONS',5),('P2-7342','2016-01-31','VACCINATIONS',5),('X6-4876','2016-01-31','GENERAL SURGERIES',3),('J6-8562','2016-01-31','GENERAL SURGERIES',3),('Z6-3226','2016-02-01','GROOMING',3),('J8-7429','2016-02-01','VACCINATIONS',5),('O6-3123','2016-02-01','VACCINATIONS',5),('N8-0553','2016-02-01','VACCINATIONS',5),('U6-4890','2016-02-01','VACCINATIONS',5),('R7-4835','2016-02-01','VACCINATIONS',5),('W9-8307','2016-02-01','VACCINATIONS',5),('W7-6372','2016-02-01','VACCINATIONS',5),('I2-7926','2016-02-01','VACCINATIONS',5),('Z8-4419','2016-02-01','VACCINATIONS',5),('L2-1834','2016-02-01','VACCINATIONS',5),('H2-8586','2016-02-01','VACCINATIONS',5),('N0-9539','2016-02-01','VACCINATIONS',5),('O5-2472','2016-02-01','VACCINATIONS',5),('O8-2501','2016-02-01','VACCINATIONS',5),('J2-3320','2016-02-01','VACCINATIONS',5),('N0-9539','2016-02-01','VACCINATIONS',5),('V5-2342','2016-02-01','VACCINATIONS',5),('Q9-1565','2016-02-01','VACCINATIONS',5),('Q0-8904','2016-02-01','GENERAL SURGERIES',6),('X8-8611','2016-02-01','GROOMING',3),('M0-2904','2016-02-01','GROOMING',1),('S4-4013','2016-02-01','GENERAL SURGERIES',3),('W8-5750','2016-02-01','GENERAL SURGERIES',3),('O3-1895','2016-02-01','GENERAL SURGERIES',3),('U8-6473','2016-02-02','ORTHOPEDIC',6),('Q2-3642','2016-02-02','VACCINATIONS',5),('T2-2142','2016-02-02','VACCINATIONS',5),('P7-2443','2016-02-02','VACCINATIONS',5),('Q0-2001','2016-02-02','VACCINATIONS',5),('L8-9022','2016-02-02','VACCINATIONS',5),('J2-3320','2016-02-02','VACCINATIONS',5),('O6-3123','2016-02-02','VACCINATIONS',5),('U8-6473','2016-02-02','VACCINATIONS',5),('S4-2254','2016-02-02','VACCINATIONS',5),('X8-8611','2016-02-02','VACCINATIONS',5),('J2-3320','2016-02-02','VACCINATIONS',5),('N6-7350','2016-02-02','VACCINATIONS',5),('N0-9539','2016-02-02','GENERAL SURGERIES',16),('G9-0817','2016-02-02','GENERAL SURGERIES',6),('P9-3625','2016-02-02','GENERAL SURGERIES',15),('S5-5938','2016-02-02','GROOMING',3),('S4-0789','2016-02-02','GROOMING',3),('T8-1754','2016-02-02','GROOMING',3),('S4-0789','2016-02-02','GROOMING',3),('X8-8611','2016-02-02','GROOMING',1),('N6-7350','2016-02-02','GROOMING',1),('O3-1895','2016-02-02','GROOMING',1),('I7-9550','2016-02-02','GENERAL SURGERIES',3),('M0-2904','2016-02-02','GENERAL SURGERIES',3),('O3-1895','2016-02-03','GENERAL SURGERIES',13),('Q0-2001','2016-02-03','VACCINATIONS',5),('H8-8856','2016-02-03','VACCINATIONS',5),('P7-2443','2016-02-03','VACCINATIONS',5),('J1-6366','2016-02-03','VACCINATIONS',5),('T0-3277','2016-02-03','VACCINATIONS',5),('N7-6805','2016-02-03','VACCINATIONS',5),('J0-7893','2016-02-03','VACCINATIONS',5),('X0-8765','2016-02-03','VACCINATIONS',5),('T0-5705','2016-02-03','VACCINATIONS',5),('G6-6501','2016-02-03','VACCINATIONS',5),('R7-4835','2016-02-03','VACCINATIONS',5),('J8-7429','2016-02-03','VACCINATIONS',5),('Q8-0954','2016-02-03','VACCINATIONS',5),('S4-4013','2016-02-03','VACCINATIONS',5),('I7-9550','2016-02-03','VACCINATIONS',5),('P2-7342','2016-02-03','VACCINATIONS',5),('Q8-0954','2016-02-03','VACCINATIONS',5),('G9-0817','2016-02-03','VACCINATIONS',5),('Q9-1565','2016-02-03','VACCINATIONS',5),('M4-9675','2016-02-03','VACCINATIONS',5),('N8-0553','2016-02-03','VACCINATIONS',5),('X8-8611','2016-02-03','VACCINATIONS',5),('Z4-4045','2016-02-03','VACCINATIONS',5),('P1-2578','2016-02-03','VACCINATIONS',5),('G9-0817','2016-02-03','VACCINATIONS',5),('Z4-4045','2016-02-03','VACCINATIONS',5),('N8-0553','2016-02-03','VACCINATIONS',5),('L8-0046','2016-02-03','VACCINATIONS',5),('N8-0553','2016-02-03','VACCINATIONS',5),('S4-9578','2016-02-03','VACCINATIONS',5),('W8-5750','2016-02-03','VACCINATIONS',5),('Q0-8904','2016-02-03','VACCINATIONS',3),('U4-5113','2016-02-03','VACCINATIONS',4),('O1-7229','2016-02-03','GENERAL SURGERIES',7),('X8-9212','2016-02-03','GENERAL SURGERIES',9),('Z6-3226','2016-02-03','OFFICE FEES',1),('I7-9550','2016-02-03','GROOMING',1),('Q8-0954','2016-02-03','GROOMING',3),('P0-1725','2016-02-03','GENERAL SURGERIES',19),('M8-7852','2016-02-03','GROOMING',3),('V5-2342','2016-02-03','GROOMING',3),('X0-8765','2016-02-03','GROOMING',3),('R7-4835','2016-02-03','GROOMING',3),('O1-7229','2016-02-03','GROOMING',1),('U8-6473','2016-02-04','ORTHOPEDIC',5),('P7-2443','2016-02-04','GENERAL SURGERIES',16),('N7-6805','2016-02-04','VACCINATIONS',5),('W9-8307','2016-02-04','ORTHOPEDIC',5),('K4-5012','2016-02-04','VACCINATIONS',5),('Q8-3145','2016-02-04','VACCINATIONS',5),('G0-7675','2016-02-04','VACCINATIONS',5),('L4-4030','2016-02-04','VACCINATIONS',5),('G6-6501','2016-02-04','VACCINATIONS',5),('J1-6366','2016-02-04','VACCINATIONS',5),('Z6-3226','2016-02-04','VACCINATIONS',5),('J1-6366','2016-02-04','VACCINATIONS',5),('U4-5113','2016-02-04','VACCINATIONS',5),('S4-9578','2016-02-04','VACCINATIONS',5),('P7-2443','2016-02-04','VACCINATIONS',5),('U2-7207','2016-02-04','VACCINATIONS',5),('R7-4835','2016-02-04','VACCINATIONS',5),('O5-2472','2016-02-04','VACCINATIONS',5),('Z8-4419','2016-02-04','VACCINATIONS',5),('L4-6292','2016-02-04','VACCINATIONS',5),('T8-1754','2016-02-04','VACCINATIONS',5),('X8-9212','2016-02-04','VACCINATIONS',5),('G6-6501','2016-02-04','VACCINATIONS',5),('L4-6292','2016-02-04','VACCINATIONS',5),('Z6-3226','2016-02-04','VACCINATIONS',5),('H2-8586','2016-02-04','VACCINATIONS',5),('K4-5012','2016-02-04','VACCINATIONS',5),('H8-1429','2016-02-04','VACCINATIONS',5),('R4-6131','2016-02-04','VACCINATIONS',5),('G4-8096','2016-02-04','VACCINATIONS',5),('Q9-1565','2016-02-04','VACCINATIONS',5),('L4-6292','2016-02-04','VACCINATIONS',5),('Q9-1565','2016-02-04','VACCINATIONS',5),('P2-7342','2016-02-04','VACCINATIONS',5),('O5-2472','2016-02-04','VACCINATIONS',5),('O8-2501','2016-02-04','VACCINATIONS',5),('J8-7429','2016-02-04','VACCINATIONS',5),('Q9-1565','2016-02-04','VACCINATIONS',5),('P9-6519','2016-02-04','VACCINATIONS',5),('N6-7350','2016-02-04','VACCINATIONS',5),('T0-3277','2016-02-04','VACCINATIONS',5),('Q4-9479','2016-02-04','VACCINATIONS',5),('U8-6473','2016-02-04','VACCINATIONS',5),('Q4-9479','2016-02-04','VACCINATIONS',5),('Z4-4045','2016-02-04','VACCINATIONS',5),('L0-6660','2016-02-04','GENERAL SURGERIES',4),('L8-9022','2016-02-04','GENERAL SURGERIES',15),('X8-9212','2016-02-04','GENERAL SURGERIES',18),('I2-7926','2016-02-04','GROOMING',2),('H8-1429','2016-02-04','GENERAL SURGERIES',6),('I5-4893','2016-02-04','GENERAL SURGERIES',15),('P9-3625','2016-02-04','VACCINATIONS',4),('S4-4013','2016-02-04','OFFICE FEES',1),('G0-8531','2016-02-04','VACCINATIONS',1),('G9-0817','2016-02-04','OFFICE FEES',2),('X8-8611','2016-02-04','ORTHOPEDIC',6),('R7-4835','2016-02-04','GROOMING',3),('K4-5012','2016-02-04','GROOMING',3),('X0-8765','2016-02-04','GROOMING',3),('G9-0817','2016-02-04','GROOMING',3),('U4-9376','2016-02-04','GROOMING',1),('H8-8856','2016-02-04','GROOMING',1),('X8-9212','2016-02-04','GROOMING',1),('G0-7675','2016-02-04','GROOMING',1),('P9-6519','2016-02-04','GROOMING',1),('L2-1834','2016-02-04','GENERAL SURGERIES',3),('V2-4634','2016-02-04','GENERAL SURGERIES',3),('U4-6674','2016-02-04','GENERAL SURGERIES',3),('I5-4893','2016-02-05','VACCINATIONS',5),('U4-9376','2016-02-05','VACCINATIONS',5),('X0-8765','2016-02-05','VACCINATIONS',5),('U8-6473','2016-02-05','VACCINATIONS',5),('W8-5750','2016-02-05','VACCINATIONS',5),('I7-9550','2016-02-05','VACCINATIONS',5),('L4-6292','2016-02-05','VACCINATIONS',5),('O6-3123','2016-02-05','VACCINATIONS',5),('I5-4893','2016-02-05','VACCINATIONS',5),('M8-7852','2016-02-05','VACCINATIONS',5),('M0-2904','2016-02-05','VACCINATIONS',5),('P9-3625','2016-02-05','VACCINATIONS',5),('L0-6660','2016-02-05','VACCINATIONS',5),('X8-8611','2016-02-05','VACCINATIONS',5),('U4-5113','2016-02-05','VACCINATIONS',5),('V4-6172','2016-02-05','VACCINATIONS',5),('Q0-8904','2016-02-05','VACCINATIONS',5),('U0-5987','2016-02-05','VACCINATIONS',5),('L4-4205','2016-02-05','OFFICE FEES',2),('X7-2632','2016-02-05','ORTHOPEDIC',1),('U0-5987','2016-02-05','GROOMING',3),('I7-9550','2016-02-05','GROOMING',3),('V2-4634','2016-02-05','GROOMING',3),('Z4-4045','2016-02-05','GROOMING',3),('Q8-0954','2016-02-05','GROOMING',1),('Q8-0954','2016-02-05','GENERAL SURGERIES',3),('L2-1834','2016-02-05','GENERAL SURGERIES',3),('F2-3235','2016-02-06','VACCINATIONS',5),('W7-6372','2016-02-06','VACCINATIONS',5),('Q0-3593','2016-02-06','VACCINATIONS',5),('G0-8531','2016-02-07','VACCINATIONS',5),('Q4-9479','2016-02-07','VACCINATIONS',5),('T0-3277','2016-02-08','VACCINATIONS',5),('L0-6660','2016-02-08','VACCINATIONS',5),('S4-9578','2016-02-08','GENERAL SURGERIES',3),('J2-3320','2016-02-09','VACCINATIONS',5),('R7-4835','2016-02-09','VACCINATIONS',5),('H8-1429','2016-02-09','VACCINATIONS',5),('F2-3235','2016-02-09','VACCINATIONS',5),('V4-6172','2016-02-09','VACCINATIONS',5),('H2-8586','2016-02-09','GROOMING',3),('I6-9459','2016-02-10','VACCINATIONS',5),('X7-2632','2016-02-10','VACCINATIONS',5),('T0-5705','2016-02-10','VACCINATIONS',5),('U2-7207','2016-02-10','VACCINATIONS',5),('M0-2904','2016-02-10','VACCINATIONS',5),('O6-3123','2016-02-11','VACCINATIONS',5),('U8-6473','2016-02-11','VACCINATIONS',5),('N8-0553','2016-02-11','ORTHOPEDIC',3),('S4-0789','2016-02-11','GENERAL SURGERIES',2),('M8-7852','2016-02-11','GROOMING',3),('H8-8856','2016-02-12','VACCINATIONS',5),('S4-0789','2016-02-12','VACCINATIONS',5),('V5-2342','2016-02-12','VACCINATIONS',5),('Q8-8753','2016-02-12','VACCINATIONS',5),('R4-6131','2016-02-12','VACCINATIONS',5),('K0-8177','2016-02-12','VACCINATIONS',5),('L8-9022','2016-02-12','VACCINATIONS',5),('U0-5987','2016-02-12','VACCINATIONS',5),('U2-4205','2016-02-12','VACCINATIONS',5),('L0-6660','2016-02-12','VACCINATIONS',5),('L4-4030','2016-02-12','ORTHOPEDIC',9),('P9-3625','2016-02-12','GENERAL SURGERIES',1),('U2-4205','2016-02-12','VACCINATIONS',6),('V7-6771','2016-02-12','HOSPITALIZATION',1),('P2-7342','2016-02-12','GENERAL SURGERIES',4),('L4-4205','2016-02-12','GROOMING',3),('L4-9973','2016-02-12','GROOMING',3),('Z6-3226','2016-02-12','GROOMING',1),('F2-3235','2016-02-12','GROOMING',1),('Q8-0954','2016-02-13','GROOMING',1),('J0-7893','2016-02-13','GENERAL SURGERIES',3),('I5-4893','2016-02-14','VACCINATIONS',5),('Q2-3642','2016-02-14','VACCINATIONS',5),('N8-0553','2016-02-14','VACCINATIONS',5),('L0-6660','2016-02-14','VACCINATIONS',5),('I6-9459','2016-02-14','VACCINATIONS',5),('L8-0046','2016-02-14','VACCINATIONS',5),('O8-2501','2016-02-14','VACCINATIONS',5),('J6-8562','2016-02-14','VACCINATIONS',5),('M8-7852','2016-02-14','VACCINATIONS',5),('Q2-3642','2016-02-14','OFFICE FEES',3),('R7-4835','2016-02-14','GROOMING',3),('X8-9212','2016-02-14','GENERAL SURGERIES',3),('Q2-3642','2016-02-15','VACCINATIONS',5),('M0-2904','2016-02-15','VACCINATIONS',5),('T2-2142','2016-02-15','VACCINATIONS',5),('Q9-1565','2016-02-15','VACCINATIONS',5),('J8-7429','2016-02-15','VACCINATIONS',5),('S4-9578','2016-02-15','GENERAL SURGERIES',13),('S5-5938','2016-02-15','ORTHOPEDIC',3),('P9-6519','2016-02-15','GROOMING',3),('L4-2594','2016-02-15','GROOMING',1),('R7-4835','2016-02-16','VACCINATIONS',5),('W7-6372','2016-02-17','VACCINATIONS',5),('H2-8586','2016-02-17','VACCINATIONS',5),('O5-2472','2016-02-17','VACCINATIONS',5),('U6-4890','2016-02-17','VACCINATIONS',5),('O8-2501','2016-02-17','VACCINATIONS',5),('V4-6172','2016-02-17','VACCINATIONS',5),('Z4-5652','2016-02-17','ORTHOPEDIC',5),('N0-9539','2016-02-17','ORTHOPEDIC',2),('N7-6805','2016-02-17','GROOMING',3),('U2-7207','2016-02-18','VACCINATIONS',5),('R4-6131','2016-02-19','VACCINATIONS',5),('U6-4890','2016-02-19','ORTHOPEDIC',2),('X6-4876','2016-02-20','VACCINATIONS',5),('V7-6771','2016-02-20','VACCINATIONS',5),('O8-2501','2016-02-20','VACCINATIONS',5),('X7-2632','2016-02-20','GROOMING',3),('W8-5750','2016-02-20','GROOMING',3),('R3-7551','2016-02-20','GROOMING',1),('O3-1895','2016-02-20','GENERAL SURGERIES',3),('X7-2632','2016-02-21','VACCINATIONS',5),('T2-2142','2016-02-21','GROOMING',1),('I2-7926','2016-02-21','GROOMING',1),('I5-4893','2016-02-22','VACCINATIONS',5),('M4-9675','2016-02-22','VACCINATIONS',5),('M4-9675','2016-02-22','GROOMING',3),('Z8-4419','2016-02-22','GROOMING',3),('N8-0553','2016-02-22','GROOMING',1),('U2-4205','2016-02-23','VACCINATIONS',5),('I7-9550','2016-02-23','VACCINATIONS',5),('Q9-1565','2016-02-23','GENERAL SURGERIES',12),('S4-0789','2016-02-23','GROOMING',3),('J2-3320','2016-02-23','GROOMING',1),('V5-2342','2016-02-24','VACCINATIONS',5),('J2-4382','2016-02-24','VACCINATIONS',5),('Q0-3593','2016-02-24','VACCINATIONS',5),('L0-6660','2016-02-24','VACCINATIONS',5),('P9-3625','2016-02-24','VACCINATIONS',5),('L8-0046','2016-02-24','VACCINATIONS',5),('W8-5750','2016-02-24','GROOMING',3),('S5-5938','2016-02-24','GROOMING',1),('S4-4013','2016-02-24','GENERAL SURGERIES',3),('N6-7350','2016-02-25','VACCINATIONS',5),('U0-5987','2016-02-26','VACCINATIONS',5),('Q9-1565','2016-02-26','VACCINATIONS',5),('L4-4205','2016-02-26','VACCINATIONS',5),('P2-7342','2016-02-26','VACCINATIONS',5),('P1-2578','2016-02-26','GROOMING',1),('L4-4205','2016-02-26','GROOMING',1),('P7-2443','2016-02-27','GENERAL SURGERIES',9),('J2-3320','2016-02-27','VACCINATIONS',5),('T0-5705','2016-02-27','VACCINATIONS',5),('P1-2578','2016-02-27','VACCINATIONS',5),('T0-5705','2016-02-27','VACCINATIONS',5),('X6-4876','2016-02-27','GENERAL SURGERIES',6),('Z4-4045','2016-02-27','GROOMING',1),('L4-9973','2016-02-28','VACCINATIONS',5),('U4-9376','2016-02-28','VACCINATIONS',5),('J8-7429','2016-02-28','VACCINATIONS',5),('S4-2254','2016-02-28','VACCINATIONS',5),('O5-2472','2016-02-28','ORTHOPEDIC',4),('V5-2342','2016-03-01','VACCINATIONS',5),('V4-6172','2016-03-01','GENERAL SURGERIES',7),('G0-8531','2016-03-02','VACCINATIONS',5),('U6-4890','2016-03-02','VACCINATIONS',5),('L4-4030','2016-03-02','GROOMING',3),('S4-9578','2016-03-02','GROOMING',1),('T2-2142','2016-03-02','GROOMING',1),('W7-6372','2016-03-03','VACCINATIONS',5),('L8-0046','2016-03-03','VACCINATIONS',5),('Q0-3593','2016-03-03','VACCINATIONS',5),('X8-8611','2016-03-03','VACCINATIONS',5),('J2-4382','2016-03-03','VACCINATIONS',5),('U2-4205','2016-03-03','VACCINATIONS',5),('T0-3277','2016-03-03','VACCINATIONS',5),('S4-9578','2016-03-03','VACCINATIONS',5),('F2-3235','2016-03-03','VACCINATIONS',5),('I6-9459','2016-03-03','VACCINATIONS',5),('X8-9212','2016-03-03','VACCINATIONS',5),('J8-7429','2016-03-03','VACCINATIONS',5),('F6-5391','2016-03-03','VACCINATIONS',2),('P9-6519','2016-03-03','GENERAL SURGERIES',14),('F1-1855','2016-03-03','GENERAL SURGERIES',3),('M2-1131','2016-03-03','GROOMING',3),('I5-4893','2016-03-03','GROOMING',1),('F2-3235','2016-03-03','GROOMING',1),('N6-7350','2016-03-03','GROOMING',1),('K0-8177','2016-03-03','GROOMING',1),('I7-9550','2016-03-04','VACCINATIONS',5),('H2-8586','2016-03-04','VACCINATIONS',5),('X7-2632','2016-03-04','GROOMING',1),('H8-8856','2016-03-05','GENERAL SURGERIES',19),('S4-2254','2016-03-05','VACCINATIONS',5),('Z4-4045','2016-03-05','VACCINATIONS',5),('U8-6473','2016-03-05','VACCINATIONS',5),('Q5-5872','2016-03-05','VACCINATIONS',5),('G4-8096','2016-03-05','VACCINATIONS',5),('Q4-9479','2016-03-05','OFFICE FEES',2),('G0-7675','2016-03-05','VACCINATIONS',5),('V4-6172','2016-03-05','GENERAL SURGERIES',8),('L8-9022','2016-03-05','GROOMING',1),('P9-6519','2016-03-05','GROOMING',1),('Q8-0954','2016-03-06','VACCINATIONS',1),('S1-2243','2016-03-06','VACCINATIONS',5),('P1-2578','2016-03-06','VACCINATIONS',5),('U4-5113','2016-03-06','VACCINATIONS',5),('Z8-4419','2016-03-06','VACCINATIONS',2),('V4-6172','2016-03-07','VACCINATIONS',5),('I6-9459','2016-03-07','VACCINATIONS',5),('T2-2142','2016-03-07','GENERAL SURGERIES',17),('J2-3320','2016-03-08','VACCINATIONS',5),('K4-5012','2016-03-08','VACCINATIONS',5),('F6-5391','2016-03-08','VACCINATIONS',5),('Q2-3642','2016-03-08','VACCINATIONS',5),('P1-2578','2016-03-08','VACCINATIONS',5),('X8-8611','2016-03-08','VACCINATIONS',5),('U4-9376','2016-03-08','VACCINATIONS',5),('G0-8531','2016-03-08','VACCINATIONS',6),('I6-9459','2016-03-08','GROOMING',3),('N0-9539','2016-03-08','GROOMING',3),('H8-1429','2016-03-08','GENERAL SURGERIES',3),('G4-8096','2016-03-09','VACCINATIONS',5),('J2-4382','2016-03-09','VACCINATIONS',5),('P7-2443','2016-03-09','VACCINATIONS',5),('V5-2342','2016-03-09','GROOMING',1),('I5-4893','2016-03-10','VACCINATIONS',5),('R7-4835','2016-03-10','VACCINATIONS',5),('G0-8531','2016-03-10','VACCINATIONS',5),('O3-1895','2016-03-10','VACCINATIONS',5),('V4-6172','2016-03-10','VACCINATIONS',5),('T2-2142','2016-03-10','VACCINATIONS',5),('V2-4634','2016-03-10','VACCINATIONS',5),('Q8-8753','2016-03-10','VACCINATIONS',5),('L8-0046','2016-03-10','VACCINATIONS',5),('Q8-8753','2016-03-10','VACCINATIONS',5),('V2-4634','2016-03-10','VACCINATIONS',5),('G0-7675','2016-03-10','VACCINATIONS',5),('L8-9022','2016-03-10','VACCINATIONS',5),('J8-7429','2016-03-10','VACCINATIONS',5),('V5-2342','2016-03-10','VACCINATIONS',5),('U4-5113','2016-03-10','VACCINATIONS',5),('Q9-1565','2016-03-10','VACCINATIONS',5),('F6-5391','2016-03-10','VACCINATIONS',5),('F2-3235','2016-03-10','ORTHOPEDIC',9),('I6-9459','2016-03-10','GENERAL SURGERIES',5),('P2-7342','2016-03-10','GENERAL SURGERIES',16),('H8-1429','2016-03-10','HOSPITALIZATION',1),('S1-2243','2016-03-10','GENERAL SURGERIES',14),('X7-2632','2016-03-10','GENERAL SURGERIES',13),('X8-8611','2016-03-10','GROOMING',3),('L4-4030','2016-03-10','GROOMING',1),('S5-5938','2016-03-10','GROOMING',1),('Q0-3593','2016-03-10','GROOMING',1),('J2-4382','2016-03-10','GROOMING',1),('U2-7207','2016-03-10','GROOMING',1),('P7-2443','2016-03-11','VACCINATIONS',3),('Q8-0954','2016-03-12','GENERAL SURGERIES',11),('Q5-5872','2016-03-12','VACCINATIONS',5),('T0-3277','2016-03-12','VACCINATIONS',5),('F2-3235','2016-03-12','VACCINATIONS',5),('X8-8611','2016-03-12','VACCINATIONS',5),('P1-2578','2016-03-12','GENERAL SURGERIES',9),('O8-2501','2016-03-12','GROOMING',3),('J2-4382','2016-03-13','ORTHOPEDIC',4),('T0-5705','2016-03-14','GROOMING',1),('U4-5113','2016-03-14','GENERAL SURGERIES',3),('G0-7675','2016-03-15','VACCINATIONS',5),('U4-6674','2016-03-16','VACCINATIONS',5),('P9-6519','2016-03-16','GROOMING',3),('K0-8177','2016-03-17','ORTHOPEDIC',7),('L4-4205','2016-03-17','VACCINATIONS',5),('X8-9212','2016-03-17','VACCINATIONS',5),('Q9-1565','2016-03-17','VACCINATIONS',5),('R7-4835','2016-03-17','VACCINATIONS',5),('Z6-3226','2016-03-17','VACCINATIONS',5),('S1-2243','2016-03-17','VACCINATIONS',5),('P9-6519','2016-03-17','VACCINATIONS',5),('O3-1895','2016-03-17','GROOMING',3),('S4-0789','2016-03-18','ORTHOPEDIC',3),('G4-8096','2016-03-18','VACCINATIONS',5),('T0-3277','2016-03-18','VACCINATIONS',5),('J1-6366','2016-03-18','VACCINATIONS',5),('G6-6501','2016-03-18','VACCINATIONS',5),('S4-1063','2016-03-18','VACCINATIONS',5),('V5-2342','2016-03-18','VACCINATIONS',5),('L2-1834','2016-03-18','VACCINATIONS',5),('T0-5705','2016-03-18','ORTHOPEDIC',5),('L4-4205','2016-03-18','GENERAL SURGERIES',15),('U6-4890','2016-03-19','VACCINATIONS',5),('V4-6172','2016-03-19','VACCINATIONS',5),('F6-5391','2016-03-19','VACCINATIONS',5),('V7-6771','2016-03-19','VACCINATIONS',5),('O8-2501','2016-03-19','VACCINATIONS',5),('I5-4893','2016-03-19','VACCINATIONS',5),('J2-3320','2016-03-19','VACCINATIONS',5),('U4-9376','2016-03-19','VACCINATIONS',5),('U2-7207','2016-03-19','GENERAL SURGERIES',5),('S1-2243','2016-03-19','GROOMING',1),('N7-6805','2016-03-19','GROOMING',1),('G0-7675','2016-03-20','VACCINATIONS',5),('I6-9459','2016-03-20','GROOMING',3),('J8-7429','2016-03-21','VACCINATIONS',5),('O3-1895','2016-03-21','VACCINATIONS',5),('P9-6519','2016-03-21','GENERAL SURGERIES',8),('J1-6366','2016-03-21','GENERAL SURGERIES',2),('S5-5938','2016-03-22','VACCINATIONS',5),('Z4-5652','2016-03-23','VACCINATIONS',5),('M2-1131','2016-03-23','VACCINATIONS',5),('W8-5750','2016-03-23','VACCINATIONS',5),('W9-8307','2016-03-23','VACCINATIONS',5),('J2-4382','2016-03-24','VACCINATIONS',5),('U4-5113','2016-03-24','GROOMING',1),('G4-8096','2016-03-25','VACCINATIONS',5),('H8-1429','2016-03-26','GENERAL SURGERIES',16),('O8-2501','2016-03-27','GROOMING',3),('L4-6292','2016-03-28','GENERAL SURGERIES',18),('S4-1063','2016-03-28','VACCINATIONS',5),('S4-1063','2016-03-28','VACCINATIONS',5),('L8-0046','2016-03-28','VACCINATIONS',5),('P9-6519','2016-03-28','VACCINATIONS',5),('I5-4893','2016-03-28','VACCINATIONS',5),('G0-7675','2016-03-28','VACCINATIONS',5),('Z4-4045','2016-03-28','VACCINATIONS',5),('R7-4835','2016-03-28','VACCINATIONS',5),('W8-5750','2016-03-28','VACCINATIONS',5),('X8-9212','2016-03-28','VACCINATIONS',5),('T0-5705','2016-03-28','VACCINATIONS',5),('F1-1855','2016-03-28','GENERAL SURGERIES',1),('M0-2904','2016-03-28','GROOMING',3),('W9-8307','2016-03-28','GROOMING',3),('Q0-8904','2016-03-28','GROOMING',3),('G0-7675','2016-03-28','GROOMING',1),('L4-4205','2016-03-28','GENERAL SURGERIES',3),('T8-1754','2016-03-28','GENERAL SURGERIES',3),('V2-4634','2016-03-29','VACCINATIONS',5),('L4-4030','2016-03-29','VACCINATIONS',5),('Q0-8904','2016-03-29','GROOMING',3),('I7-9550','2016-03-29','GROOMING',3),('L8-9022','2016-03-30','VACCINATIONS',5),('W8-5750','2016-03-30','GROOMING',3),('Q0-3593','2016-03-31','VACCINATIONS',5),('U2-4205','2016-03-31','VACCINATIONS',5),('U8-6473','2016-03-31','GENERAL SURGERIES',9),('O1-7229','2016-03-31','GROOMING',3),('S4-0789','2016-03-31','GROOMING',3),('I5-4893','2016-04-01','VACCINATIONS',5),('N8-0553','2016-04-02','VACCINATIONS',5),('W8-5750','2016-04-03','VACCINATIONS',5),('S4-1063','2016-04-03','VACCINATIONS',5),('U6-4890','2016-04-03','GENERAL SURGERIES',3),('Q5-5872','2016-04-03','GENERAL SURGERIES',7),('X6-4876','2016-04-03','GENERAL SURGERIES',8),('P9-3625','2016-04-03','ORTHOPEDIC',8),('M4-9675','2016-04-03','GENERAL SURGERIES',3),('T0-5705','2016-04-04','VACCINATIONS',5),('U4-9376','2016-04-05','VACCINATIONS',5),('U6-4890','2016-04-06','GENERAL SURGERIES',5),('P2-7342','2016-04-06','VACCINATIONS',5),('L8-9022','2016-04-06','VACCINATIONS',5),('H8-8856','2016-04-06','VACCINATIONS',5),('N6-7350','2016-04-06','GROOMING',3),('M8-7852','2016-04-07','VACCINATIONS',5),('H8-1429','2016-04-07','GROOMING',1),('Z4-5652','2016-04-07','GROOMING',1),('J2-4382','2016-04-08','OFFICE FEES',3),('P9-3625','2016-04-08','VACCINATIONS',5),('L4-4030','2016-04-08','VACCINATIONS',5),('S1-2243','2016-04-08','VACCINATIONS',5),('M2-1131','2016-04-08','GENERAL SURGERIES',3),('O8-2501','2016-04-09','VACCINATIONS',5),('J8-7429','2016-04-09','GENERAL SURGERIES',3),('S4-9578','2016-04-10','VACCINATIONS',5),('P2-7342','2016-04-11','VACCINATIONS',5),('U8-6473','2016-04-11','VACCINATIONS',5),('L4-4205','2016-04-11','VACCINATIONS',5),('P0-1725','2016-04-12','GROOMING',3),('Q2-3642','2016-04-12','GROOMING',1),('S4-4013','2016-04-12','GROOMING',1),('I7-9550','2016-04-12','GENERAL SURGERIES',3),('S4-1063','2016-04-13','GENERAL SURGERIES',4),('G4-8096','2016-04-13','VACCINATIONS',5),('J2-4382','2016-04-13','VACCINATIONS',5),('Z8-4419','2016-04-13','VACCINATIONS',5),('O5-2472','2016-04-13','VACCINATIONS',2),('P7-2443','2016-04-13','ORTHOPEDIC',4),('G0-7675','2016-04-13','ORTHOPEDIC',6),('P1-2578','2016-04-13','GROOMING',3),('O1-7229','2016-04-13','GROOMING',1),('O8-2501','2016-04-13','GENERAL SURGERIES',3),('U8-6473','2016-04-14','VACCINATIONS',5),('I2-7926','2016-04-15','VACCINATIONS',5),('L2-1834','2016-04-15','VACCINATIONS',5),('U4-5113','2016-04-15','ORTHOPEDIC',6),('J6-8562','2016-04-15','GROOMING',3),('T2-2142','2016-04-16','GROOMING',3),('M4-9675','2016-04-16','VACCINATIONS',5),('F1-1855','2016-04-16','VACCINATIONS',5),('L8-9022','2016-04-16','OFFICE FEES',2),('Q0-2001','2016-04-17','VACCINATIONS',5),('U6-4890','2016-04-17','GENERAL SURGERIES',3),('Q0-3593','2016-04-18','VACCINATIONS',5),('X8-8611','2016-04-18','VACCINATIONS',5),('P1-2578','2016-04-18','GENERAL SURGERIES',12),('J2-3320','2016-04-18','VACCINATIONS',3),('I7-9550','2016-04-18','GROOMING',1),('R3-7551','2016-04-18','GENERAL SURGERIES',3),('N0-9539','2016-04-19','VACCINATIONS',5),('U2-7207','2016-04-20','VACCINATIONS',5),('K4-5012','2016-04-21','VACCINATIONS',5),('M0-2904','2016-04-21','VACCINATIONS',5),('Z8-4419','2016-04-21','VACCINATIONS',5),('P0-1725','2016-04-21','VACCINATIONS',5),('I6-9459','2016-04-21','VACCINATIONS',5),('T0-5705','2016-04-21','VACCINATIONS',5),('U8-6473','2016-04-21','VACCINATIONS',5),('Q2-3642','2016-04-21','VACCINATIONS',5),('Z4-5652','2016-04-21','VACCINATIONS',5),('X6-4876','2016-04-21','GENERAL SURGERIES',5),('U2-7207','2016-04-21','GENERAL SURGERIES',3),('S4-0789','2016-04-21','GROOMING',3),('J2-3320','2016-04-21','GROOMING',3),('L4-2594','2016-04-21','GROOMING',3),('L8-9022','2016-04-21','GROOMING',1),('V5-2342','2016-04-21','GENERAL SURGERIES',3),('N6-7350','2016-04-22','VACCINATIONS',5),('U4-9376','2016-04-22','VACCINATIONS',5),('U4-6674','2016-04-22','VACCINATIONS',5),('S4-4013','2016-04-22','VACCINATIONS',5),('S4-1063','2016-04-22','VACCINATIONS',5),('V4-6172','2016-04-22','VACCINATIONS',5),('O3-1895','2016-04-22','VACCINATIONS',5),('P0-1725','2016-04-22','VACCINATIONS',5),('G0-7675','2016-04-22','VACCINATIONS',5),('J0-7893','2016-04-22','VACCINATIONS',5),('S4-4013','2016-04-22','ORTHOPEDIC',9),('Q5-5872','2016-04-22','ORTHOPEDIC',1),('P9-3625','2016-04-22','GROOMING',3),('L2-1834','2016-04-22','GENERAL SURGERIES',3),('S4-2254','2016-04-23','VACCINATIONS',5),('O3-1895','2016-04-24','GENERAL SURGERIES',7),('X8-9212','2016-04-24','VACCINATIONS',5),('Z8-4419','2016-04-24','VACCINATIONS',5),('M0-2904','2016-04-24','VACCINATIONS',5),('V2-4634','2016-04-24','VACCINATIONS',5),('Q5-5872','2016-04-24','VACCINATIONS',5),('R3-7551','2016-04-24','VACCINATIONS',5),('G0-7675','2016-04-24','VACCINATIONS',5),('L4-4205','2016-04-24','VACCINATIONS',5),('P0-1725','2016-04-24','OFFICE FEES',1),('Z4-5652','2016-04-24','GROOMING',3),('T8-1754','2016-04-24','GROOMING',1),('W7-6372','2016-04-25','VACCINATIONS',5),('S5-5938','2016-04-25','VACCINATIONS',5),('P7-2443','2016-04-25','VACCINATIONS',5),('H2-8586','2016-04-25','VACCINATIONS',5),('H2-8586','2016-04-25','GROOMING',1),('Q9-1565','2016-04-25','GROOMING',1),('O5-2472','2016-04-26','VACCINATIONS',5),('I6-9459','2016-04-26','VACCINATIONS',5),('N8-0553','2016-04-27','GROOMING',3),('M2-1131','2016-04-27','GROOMING',1),('T0-3277','2016-04-28','GENERAL SURGERIES',2),('I5-4893','2016-04-28','GENERAL SURGERIES',16),('L8-9022','2016-04-29','GROOMING',1),('M8-7852','2016-04-30','VACCINATIONS',5),('T0-3277','2016-04-30','VACCINATIONS',5),('W9-8307','2016-04-30','VACCINATIONS',5),('F1-1855','2016-04-30','GENERAL SURGERIES',10),('J2-3320','2016-04-30','GROOMING',1),('N0-9539','2016-05-01','GENERAL SURGERIES',3),('R7-4835','2016-05-01','VACCINATIONS',5),('U4-6674','2016-05-01','VACCINATIONS',5),('J2-4382','2016-05-01','VACCINATIONS',5),('V2-4634','2016-05-01','VACCINATIONS',5),('N8-0553','2016-05-01','VACCINATIONS',5),('P7-2443','2016-05-01','VACCINATIONS',5),('Q4-9479','2016-05-01','VACCINATIONS',5),('M2-1131','2016-05-01','VACCINATIONS',5),('P7-2443','2016-05-01','VACCINATIONS',1),('F1-1855','2016-05-01','GROOMING',3),('U8-6473','2016-05-01','GROOMING',1),('U0-5987','2016-05-01','GROOMING',1),('H2-8586','2016-05-01','GENERAL SURGERIES',3),('J6-8562','2016-05-02','VACCINATIONS',5),('J2-4382','2016-05-02','VACCINATIONS',5),('N6-7350','2016-05-02','VACCINATIONS',5),('N7-6805','2016-05-02','ORTHOPEDIC',7),('L4-4205','2016-05-02','GROOMING',3),('L8-9022','2016-05-02','GROOMING',1),('L8-0046','2016-05-02','GENERAL SURGERIES',3),('P9-6519','2016-05-03','GENERAL SURGERIES',11),('N0-9539','2016-05-03','GROOMING',1),('P0-1725','2016-05-04','VACCINATIONS',3),('G4-8096','2016-05-04','GENERAL SURGERIES',15),('O1-7229','2016-05-04','VACCINATIONS',5),('I2-7926','2016-05-04','VACCINATIONS',5),('U8-6473','2016-05-04','VACCINATIONS',5),('G0-7675','2016-05-04','VACCINATIONS',5),('L4-6292','2016-05-04','VACCINATIONS',5),('I5-4893','2016-05-04','VACCINATIONS',5),('N0-9539','2016-05-04','VACCINATIONS',5),('S4-1063','2016-05-04','VACCINATIONS',5),('Z4-5652','2016-05-04','VACCINATIONS',5),('Q8-0954','2016-05-04','VACCINATIONS',5),('X8-9212','2016-05-04','VACCINATIONS',5),('S4-0789','2016-05-04','GENERAL SURGERIES',9),('Q0-3593','2016-05-04','GENERAL SURGERIES',2),('Z8-4419','2016-05-04','GROOMING',3),('L8-9022','2016-05-04','GROOMING',1),('W8-5750','2016-05-04','GENERAL SURGERIES',3),('L8-9022','2016-05-05','VACCINATIONS',5),('S1-2243','2016-05-05','VACCINATIONS',5),('N6-7350','2016-05-05','ORTHOPEDIC',7),('J2-4382','2016-05-05','GENERAL SURGERIES',5),('Q8-0954','2016-05-06','VACCINATIONS',5),('G0-8531','2016-05-06','VACCINATIONS',5),('W9-8307','2016-05-06','GROOMING',1),('Q8-8753','2016-05-06','GROOMING',1),('J2-3320','2016-05-07','VACCINATIONS',5),('H2-8586','2016-05-07','VACCINATIONS',5),('O6-3123','2016-05-07','VACCINATIONS',5),('N8-0553','2016-05-07','VACCINATIONS',5),('Z4-5652','2016-05-07','VACCINATIONS',5),('F1-1855','2016-05-07','VACCINATIONS',5),('H2-8586','2016-05-07','VACCINATIONS',5),('U4-6674','2016-05-07','VACCINATIONS',5),('G6-6501','2016-05-07','GENERAL SURGERIES',10),('M0-2904','2016-05-07','OFFICE FEES',3),('S4-1063','2016-05-07','GENERAL SURGERIES',3),('G0-7675','2016-05-08','VACCINATIONS',5),('H8-8856','2016-05-08','VACCINATIONS',5),('X0-8765','2016-05-08','VACCINATIONS',5),('J0-7893','2016-05-08','VACCINATIONS',5),('L2-1834','2016-05-08','VACCINATIONS',5),('M8-7852','2016-05-08','VACCINATIONS',5),('S4-1063','2016-05-08','VACCINATIONS',5),('U6-4890','2016-05-08','VACCINATIONS',5),('U0-5987','2016-05-08','VACCINATIONS',5),('M2-1131','2016-05-08','VACCINATIONS',5),('P2-7342','2016-05-08','VACCINATIONS',5),('N8-0553','2016-05-08','VACCINATIONS',5),('U8-6473','2016-05-08','VACCINATIONS',5),('J2-4382','2016-05-08','VACCINATIONS',5),('V7-6771','2016-05-08','VACCINATIONS',5),('I2-7926','2016-05-08','VACCINATIONS',5),('R3-7551','2016-05-08','VACCINATIONS',5),('X0-8765','2016-05-08','VACCINATIONS',5),('W7-6372','2016-05-08','ORTHOPEDIC',8),('J2-4382','2016-05-08','VACCINATIONS',2),('G9-0817','2016-05-08','GROOMING',3),('L2-1834','2016-05-08','GROOMING',3),('X7-2632','2016-05-08','GROOMING',1),('X7-2632','2016-05-09','VACCINATIONS',5),('O6-3123','2016-05-09','VACCINATIONS',5),('N8-0553','2016-05-09','VACCINATIONS',5),('P9-3625','2016-05-09','VACCINATIONS',5),('T8-1754','2016-05-10','VACCINATIONS',5),('Q8-3145','2016-05-10','VACCINATIONS',5),('I6-9459','2016-05-10','VACCINATIONS',5),('Z8-4419','2016-05-10','VACCINATIONS',5),('L4-4205','2016-05-10','VACCINATIONS',5),('G0-7675','2016-05-11','GENERAL SURGERIES',3),('S4-4013','2016-05-12','VACCINATIONS',5),('Q4-9479','2016-05-12','VACCINATIONS',5),('X6-4876','2016-05-12','VACCINATIONS',5),('G0-8531','2016-05-12','VACCINATIONS',5),('W7-6372','2016-05-12','VACCINATIONS',5),('I5-4893','2016-05-12','VACCINATIONS',5),('W7-6372','2016-05-12','VACCINATIONS',5),('K4-5012','2016-05-12','VACCINATIONS',5),('L0-6660','2016-05-12','VACCINATIONS',5),('M4-9675','2016-05-12','VACCINATIONS',5),('P1-2578','2016-05-12','VACCINATIONS',5),('Q5-5872','2016-05-12','VACCINATIONS',5),('O5-2472','2016-05-12','VACCINATIONS',5),('O5-2472','2016-05-12','ORTHOPEDIC',8),('O1-7229','2016-05-12','GROOMING',3),('G6-6501','2016-05-12','GROOMING',3),('V7-6771','2016-05-12','GROOMING',1),('N7-6805','2016-05-12','GROOMING',1),('R7-4835','2016-05-13','GENERAL SURGERIES',12),('V2-4634','2016-05-14','VACCINATIONS',5),('T0-3277','2016-05-14','VACCINATIONS',5),('Q0-8904','2016-05-14','VACCINATIONS',5),('J6-8562','2016-05-14','ORTHOPEDIC',1),('L8-0046','2016-05-14','GROOMING',3),('O6-3123','2016-05-14','GROOMING',3),('W7-6372','2016-05-15','VACCINATIONS',5),('U4-6674','2016-05-15','VACCINATIONS',5),('N6-7350','2016-05-15','VACCINATIONS',5),('G0-8531','2016-05-15','VACCINATIONS',5),('X7-2632','2016-05-15','VACCINATIONS',5),('L4-4205','2016-05-15','GENERAL SURGERIES',15),('L4-6292','2016-05-15','ORTHOPEDIC',8),('R4-6131','2016-05-15','VACCINATIONS',6),('R3-7551','2016-05-15','GROOMING',3),('W8-5750','2016-05-15','GROOMING',3),('O1-7229','2016-05-15','GROOMING',1),('I7-9550','2016-05-16','OFFICE FEES',1),('O5-2472','2016-05-16','GENERAL SURGERIES',3),('U4-6674','2016-05-17','VACCINATIONS',5),('F6-5391','2016-05-17','VACCINATIONS',5),('U4-6674','2016-05-17','VACCINATIONS',5),('K0-8177','2016-05-17','GROOMING',3),('I2-7926','2016-05-18','VACCINATIONS',3),('G9-0817','2016-05-18','VACCINATIONS',5),('O6-3123','2016-05-18','VACCINATIONS',2),('S5-5938','2016-05-19','VACCINATIONS',5),('Q8-8753','2016-05-19','VACCINATIONS',5),('S4-4013','2016-05-19','VACCINATIONS',5),('F2-3235','2016-05-20','GROOMING',3),('J6-8562','2016-05-20','GENERAL SURGERIES',3),('S1-2243','2016-05-21','VACCINATIONS',5),('T2-2142','2016-05-21','VACCINATIONS',5),('S4-9578','2016-05-21','GROOMING',1),('W9-8307','2016-05-21','GROOMING',1),('G0-7675','2016-05-22','VACCINATIONS',5),('Q0-3593','2016-05-22','VACCINATIONS',5),('U6-4890','2016-05-22','VACCINATIONS',5),('M4-9675','2016-05-22','GENERAL SURGERIES',5),('P2-7342','2016-05-22','GENERAL SURGERIES',16),('X8-9212','2016-05-22','OFFICE FEES',2),('W9-8307','2016-05-22','GROOMING',3),('X6-4876','2016-05-22','GROOMING',3),('O5-2472','2016-05-22','GROOMING',3),('J8-7429','2016-05-23','VACCINATIONS',5),('I5-4893','2016-05-24','VACCINATIONS',3),('T0-5705','2016-05-24','VACCINATIONS',5),('J2-3320','2016-05-24','VACCINATIONS',5),('O1-7229','2016-05-24','VACCINATIONS',5),('P7-2443','2016-05-24','VACCINATIONS',5),('G0-7675','2016-05-24','VACCINATIONS',5),('W8-5750','2016-05-24','VACCINATIONS',5),('R7-4835','2016-05-24','VACCINATIONS',5),('W9-8307','2016-05-24','VACCINATIONS',5),('I5-4893','2016-05-24','VACCINATIONS',5),('N6-7350','2016-05-24','VACCINATIONS',5),('P7-2443','2016-05-24','GENERAL SURGERIES',17),('Z4-4045','2016-05-24','GROOMING',1),('H8-8856','2016-05-24','GROOMING',1),('Q8-0954','2016-05-24','GENERAL SURGERIES',3),('T0-3277','2016-05-25','VACCINATIONS',2),('L0-6660','2016-05-25','VACCINATIONS',5),('J6-8562','2016-05-25','VACCINATIONS',5),('L8-0046','2016-05-25','VACCINATIONS',5),('S1-2243','2016-05-25','VACCINATIONS',5),('U4-6674','2016-05-25','GENERAL SURGERIES',9),('L2-1834','2016-05-25','GROOMING',3),('L2-1834','2016-05-25','GROOMING',3),('H8-1429','2016-05-25','GROOMING',3),('L4-4030','2016-05-26','GENERAL SURGERIES',10),('L4-2594','2016-05-26','VACCINATIONS',5),('Q4-9479','2016-05-26','GENERAL SURGERIES',13),('K4-5012','2016-05-27','VACCINATIONS',5),('O6-3123','2016-05-27','ORTHOPEDIC',9),('U0-5987','2016-05-27','GENERAL SURGERIES',10),('L8-0046','2016-05-28','GENERAL SURGERIES',18),('L4-9973','2016-05-28','VACCINATIONS',1),('G0-8531','2016-05-28','VACCINATIONS',6),('R4-6131','2016-05-28','VACCINATIONS',5),('Q2-3642','2016-05-28','VACCINATIONS',5),('G0-8531','2016-05-28','VACCINATIONS',5),('H2-8586','2016-05-28','VACCINATIONS',5),('Q0-8904','2016-05-28','VACCINATIONS',5),('M8-7852','2016-05-28','VACCINATIONS',5),('H8-8856','2016-05-28','VACCINATIONS',5),('L8-0046','2016-05-28','VACCINATIONS',5),('L8-9022','2016-05-28','VACCINATIONS',5),('N7-6805','2016-05-28','VACCINATIONS',5),('Q2-3642','2016-05-28','VACCINATIONS',5),('U4-9376','2016-05-28','GENERAL SURGERIES',11),('R4-6131','2016-05-28','ORTHOPEDIC',2),('J2-4382','2016-05-28','VACCINATIONS',1),('L4-4030','2016-05-28','ORTHOPEDIC',2),('X8-8611','2016-05-28','GENERAL SURGERIES',4),('G6-6501','2016-05-28','GROOMING',2),('J0-7893','2016-05-28','VACCINATIONS',1),('I5-4893','2016-05-28','GENERAL SURGERIES',11),('H8-1429','2016-05-28','GROOMING',3),('Z4-4045','2016-05-28','GROOMING',1),('L0-6660','2016-05-28','GROOMING',1),('U4-6674','2016-05-29','VACCINATIONS',6),('L8-0046','2016-05-29','VACCINATIONS',5),('P1-2578','2016-05-29','VACCINATIONS',5),('Q8-0954','2016-05-30','VACCINATIONS',5),('O3-1895','2016-05-30','VACCINATIONS',5),('L4-4205','2016-05-30','VACCINATIONS',5),('S5-5938','2016-05-30','VACCINATIONS',5),('S4-0789','2016-05-30','VACCINATIONS',5),('J2-4382','2016-05-30','VACCINATIONS',5),('W8-5750','2016-05-30','VACCINATIONS',5),('R7-4835','2016-05-30','VACCINATIONS',5),('T0-5705','2016-05-30','VACCINATIONS',5),('Q0-8904','2016-05-30','GROOMING',1),('M2-1131','2016-05-31','GROOMING',1),('N7-6805','2016-06-01','VACCINATIONS',5),('N8-0553','2016-06-01','VACCINATIONS',5),('X7-2632','2016-06-01','GENERAL SURGERIES',17),('J2-3320','2016-06-01','GROOMING',3),('L0-6660','2016-06-01','GROOMING',1),('X7-2632','2016-06-01','GENERAL SURGERIES',3),('F6-5391','2016-06-02','VACCINATIONS',5),('G4-8096','2016-06-02','VACCINATIONS',5),('R3-7551','2016-06-02','VACCINATIONS',5),('P9-6519','2016-06-02','VACCINATIONS',5),('M2-1131','2016-06-02','VACCINATIONS',5),('O5-2472','2016-06-02','VACCINATIONS',5),('Q8-8753','2016-06-02','VACCINATIONS',5),('O8-0027','2016-06-02','VACCINATIONS',5),('J2-4382','2016-06-02','VACCINATIONS',5),('H8-1429','2016-06-02','VACCINATIONS',5),('V2-4634','2016-06-02','VACCINATIONS',5),('U4-5113','2016-06-02','VACCINATIONS',5),('Q0-8904','2016-06-02','VACCINATIONS',5),('L0-6660','2016-06-02','ORTHOPEDIC',7),('U2-7207','2016-06-02','ORTHOPEDIC',4),('X6-4876','2016-06-02','VACCINATIONS',6),('L4-9973','2016-06-02','GROOMING',3),('K0-8177','2016-06-02','GROOMING',1),('I2-7926','2016-06-02','GENERAL SURGERIES',3),('W8-5750','2016-06-03','VACCINATIONS',5),('N7-6805','2016-06-04','VACCINATIONS',5),('U4-9376','2016-06-04','VACCINATIONS',5),('Q8-3145','2016-06-04','VACCINATIONS',5),('L4-4030','2016-06-04','VACCINATIONS',5),('U8-6473','2016-06-04','ORTHOPEDIC',6),('Q2-3642','2016-06-04','GROOMING',1),('J0-7893','2016-06-05','VACCINATIONS',5),('P0-1725','2016-06-06','VACCINATIONS',5),('P7-2443','2016-06-06','VACCINATIONS',5),('Q8-8753','2016-06-07','ORTHOPEDIC',3),('Q5-5872','2016-06-07','GROOMING',1),('H8-1429','2016-06-08','VACCINATIONS',5),('M0-2904','2016-06-08','VACCINATIONS',5),('V2-4634','2016-06-08','GENERAL SURGERIES',1),('U4-5113','2016-06-08','VACCINATIONS',3),('I7-9550','2016-06-08','GROOMING',1),('S4-2254','2016-06-09','VACCINATIONS',5),('T0-3277','2016-06-10','GENERAL SURGERIES',12),('J8-7429','2016-06-10','VACCINATIONS',5),('S1-2243','2016-06-10','VACCINATIONS',5),('U4-5113','2016-06-10','GROOMING',3),('H8-8856','2016-06-11','VACCINATIONS',5),('F2-3235','2016-06-11','GENERAL SURGERIES',11),('K0-8177','2016-06-11','GROOMING',1),('Q5-5872','2016-06-12','VACCINATIONS',5),('N7-6805','2016-06-12','VACCINATIONS',5),('J0-7893','2016-06-13','GROOMING',1),('P9-6519','2016-06-13','GROOMING',1),('G6-6501','2016-06-14','VACCINATIONS',5),('I6-9459','2016-06-14','VACCINATIONS',5),('N6-7350','2016-06-14','ORTHOPEDIC',8),('T0-5705','2016-06-15','VACCINATIONS',5),('S1-2243','2016-06-15','VACCINATIONS',5),('P1-2578','2016-06-15','VACCINATIONS',4),('O8-2501','2016-06-16','VACCINATIONS',5),('V7-6771','2016-06-16','VACCINATIONS',5),('N8-0553','2016-06-17','VACCINATIONS',5),('V2-4634','2016-06-17','VACCINATIONS',5),('G0-8531','2016-06-17','GENERAL SURGERIES',2),('S4-9578','2016-06-17','GROOMING',3),('X8-9212','2016-06-17','GROOMING',1),('F1-1855','2016-06-18','GROOMING',3),('V2-4634','2016-06-18','GROOMING',1),('Q0-2001','2016-06-19','GENERAL SURGERIES',2),('J2-3320','2016-06-19','GROOMING',3),('N7-6805','2016-06-20','VACCINATIONS',5),('V4-6172','2016-06-20','VACCINATIONS',5),('S4-4013','2016-06-20','GROOMING',3),('P9-3625','2016-06-20','GROOMING',1),('G0-8531','2016-06-21','VACCINATIONS',5),('P9-6519','2016-06-21','VACCINATIONS',5),('L4-9973','2016-06-21','VACCINATIONS',5),('Z4-4045','2016-06-21','ORTHOPEDIC',3),('L4-4205','2016-06-21','GROOMING',1),('G9-0817','2016-06-22','VACCINATIONS',5),('N7-6805','2016-06-22','OFFICE FEES',1),('L4-4030','2016-06-23','VACCINATIONS',5),('Z4-5652','2016-06-23','VACCINATIONS',5),('M4-9675','2016-06-23','VACCINATIONS',5),('G6-6501','2016-06-23','VACCINATIONS',5),('T8-1754','2016-06-23','VACCINATIONS',5),('Q0-8904','2016-06-23','GENERAL SURGERIES',7),('K0-8177','2016-06-23','GROOMING',3),('K4-5012','2016-06-23','GROOMING',1),('O8-2501','2016-06-24','VACCINATIONS',5),('F1-1855','2016-06-24','ORTHOPEDIC',6),('P9-3625','2016-06-25','OFFICE FEES',2),('R4-6131','2016-06-25','GENERAL SURGERIES',11),('U4-9376','2016-06-25','VACCINATIONS',5),('Z4-4045','2016-06-25','VACCINATIONS',5),('O3-1895','2016-06-25','VACCINATIONS',5),('N7-6805','2016-06-25','VACCINATIONS',5),('X7-2632','2016-06-25','VACCINATIONS',5),('M4-9675','2016-06-25','VACCINATIONS',5),('J2-4382','2016-06-25','VACCINATIONS',5),('P0-1725','2016-06-25','VACCINATIONS',5),('F2-3235','2016-06-25','VACCINATIONS',5),('P9-6519','2016-06-25','VACCINATIONS',4),('P1-2578','2016-06-25','VACCINATIONS',5),('Q9-1565','2016-06-25','GENERAL SURGERIES',11),('F1-1855','2016-06-25','GROOMING',3),('V5-2342','2016-06-26','VACCINATIONS',5),('H2-8586','2016-06-26','VACCINATIONS',5),('J2-4382','2016-06-26','VACCINATIONS',5),('M0-2904','2016-06-26','VACCINATIONS',5),('V7-6771','2016-06-26','VACCINATIONS',5),('H8-8856','2016-06-26','VACCINATIONS',5),('I2-7926','2016-06-26','GENERAL SURGERIES',6),('L0-6660','2016-06-26','GENERAL SURGERIES',17),('U4-9376','2016-06-26','GROOMING',3),('Z6-3226','2016-06-26','GROOMING',3),('X8-9212','2016-06-26','GROOMING',1),('U8-6473','2016-06-26','GROOMING',1),('Q0-3593','2016-06-27','ORTHOPEDIC',4),('P7-2443','2016-06-27','VACCINATIONS',5),('U4-6674','2016-06-27','VACCINATIONS',5),('X8-9212','2016-06-27','VACCINATIONS',5),('U4-9376','2016-06-27','VACCINATIONS',5),('J1-6366','2016-06-27','GENERAL SURGERIES',4),('J8-7429','2016-06-27','GENERAL SURGERIES',11),('N6-7350','2016-06-27','GROOMING',1),('J0-7893','2016-06-28','VACCINATIONS',5),('U2-4205','2016-06-28','GENERAL SURGERIES',5),('U4-6674','2016-06-28','GROOMING',1),('H8-1429','2016-06-29','VACCINATIONS',5),('J2-3320','2016-06-29','VACCINATIONS',5),('Q4-9479','2016-06-29','VACCINATIONS',5),('O8-2501','2016-06-29','VACCINATIONS',5),('X7-2632','2016-06-29','VACCINATIONS',5),('V4-6172','2016-06-29','VACCINATIONS',5),('U0-5987','2016-06-29','GROOMING',1),('K4-5012','2016-06-29','GROOMING',1),('H8-8856','2016-06-29','GROOMING',1),('S4-1063','2016-06-29','GENERAL SURGERIES',3),('W9-8307','2016-06-29','GENERAL SURGERIES',3),('G9-0817','2016-06-30','VACCINATIONS',5),('P1-2578','2016-06-30','VACCINATIONS',5),('I7-9550','2016-06-30','VACCINATIONS',5),('P9-3625','2016-06-30','VACCINATIONS',5),('U4-5113','2016-06-30','GROOMING',3),('X7-2632','2016-06-30','GROOMING',3),('J2-3320','2016-07-01','VACCINATIONS',5),('I6-9459','2016-07-01','VACCINATIONS',5),('I2-7926','2016-07-01','VACCINATIONS',5),('K0-8177','2016-07-01','VACCINATIONS',5),('P9-3625','2016-07-01','VACCINATIONS',5),('O8-0027','2016-07-01','VACCINATIONS',5),('L8-9022','2016-07-01','VACCINATIONS',5),('R3-7551','2016-07-01','GENERAL SURGERIES',14),('Z6-3226','2016-07-01','GROOMING',3),('V2-4634','2016-07-01','GROOMING',3),('X0-8765','2016-07-01','GROOMING',1),('K4-5012','2016-07-01','GROOMING',1),('H8-8856','2016-07-01','GROOMING',1),('G0-7675','2016-07-02','VACCINATIONS',5),('N6-7350','2016-07-02','VACCINATIONS',5),('V4-6172','2016-07-02','VACCINATIONS',5),('S4-9578','2016-07-02','VACCINATIONS',5),('P1-2578','2016-07-02','VACCINATIONS',5),('K0-8177','2016-07-02','VACCINATIONS',5),('U4-9376','2016-07-02','GROOMING',3),('L0-6660','2016-07-03','GENERAL SURGERIES',10),('I6-9459','2016-07-04','VACCINATIONS',4),('I5-4893','2016-07-04','VACCINATIONS',5),('T2-2142','2016-07-04','VACCINATIONS',5),('S4-2254','2016-07-04','VACCINATIONS',5),('O5-2472','2016-07-04','VACCINATIONS',5),('S4-2254','2016-07-04','VACCINATIONS',5),('U4-9376','2016-07-04','VACCINATIONS',5),('U4-5113','2016-07-04','VACCINATIONS',5),('U8-6473','2016-07-04','VACCINATIONS',5),('Q0-8904','2016-07-04','VACCINATIONS',2),('L4-6292','2016-07-04','GROOMING',3),('Q0-3593','2016-07-04','GENERAL SURGERIES',3),('V5-2342','2016-07-05','VACCINATIONS',5),('Z4-5652','2016-07-05','VACCINATIONS',5),('Q8-8753','2016-07-05','VACCINATIONS',5),('Q9-1565','2016-07-05','VACCINATIONS',5),('U6-4890','2016-07-05','VACCINATIONS',5),('V4-6172','2016-07-05','VACCINATIONS',5),('H2-8586','2016-07-06','GENERAL SURGERIES',12),('Z4-5652','2016-07-06','GENERAL SURGERIES',4),('F2-3235','2016-07-06','GENERAL SURGERIES',9),('P9-3625','2016-07-06','VACCINATIONS',5),('R7-4835','2016-07-06','VACCINATIONS',5),('Q2-3642','2016-07-06','VACCINATIONS',5),('J0-7893','2016-07-06','VACCINATIONS',5),('W7-6372','2016-07-06','VACCINATIONS',5),('W9-8307','2016-07-06','VACCINATIONS',5),('G9-0817','2016-07-06','VACCINATIONS',5),('S4-2254','2016-07-06','VACCINATIONS',5),('U2-4205','2016-07-06','VACCINATIONS',5),('L8-0046','2016-07-06','VACCINATIONS',5),('S4-0789','2016-07-06','VACCINATIONS',5),('O8-2501','2016-07-06','VACCINATIONS',5),('M2-1131','2016-07-06','VACCINATIONS',5),('O8-0027','2016-07-06','VACCINATIONS',5),('V2-4634','2016-07-06','VACCINATIONS',5),('O6-3123','2016-07-06','VACCINATIONS',5),('Q0-8904','2016-07-06','VACCINATIONS',5),('W8-5750','2016-07-06','GENERAL SURGERIES',9),('L0-6660','2016-07-06','GROOMING',1),('J1-6366','2016-07-06','GROOMING',3),('J6-8562','2016-07-06','GROOMING',3),('V4-6172','2016-07-06','GROOMING',3),('T0-3277','2016-07-06','GROOMING',3),('S4-1063','2016-07-06','GENERAL SURGERIES',3),('I2-7926','2016-07-07','VACCINATIONS',5),('J1-6366','2016-07-07','VACCINATIONS',5),('O1-7229','2016-07-08','VACCINATIONS',5),('L0-6660','2016-07-08','VACCINATIONS',5),('Q8-3145','2016-07-09','VACCINATIONS',5),('W7-6372','2016-07-09','VACCINATIONS',5),('X8-9212','2016-07-10','VACCINATIONS',5),('M8-7852','2016-07-10','VACCINATIONS',5),('O1-7229','2016-07-10','VACCINATIONS',5),('G0-8531','2016-07-10','VACCINATIONS',5),('R4-6131','2016-07-10','VACCINATIONS',5),('J8-7429','2016-07-10','VACCINATIONS',5),('M4-9675','2016-07-10','VACCINATIONS',5),('G0-7675','2016-07-10','ORTHOPEDIC',6),('X6-4876','2016-07-10','GENERAL SURGERIES',13),('F2-3235','2016-07-10','GENERAL SURGERIES',5),('V2-4634','2016-07-10','GROOMING',3),('N8-0553','2016-07-10','GROOMING',1),('I7-9550','2016-07-11','VACCINATIONS',5),('L2-1834','2016-07-11','VACCINATIONS',5),('Q0-3593','2016-07-11','VACCINATIONS',5),('O1-7229','2016-07-11','VACCINATIONS',5),('P9-3625','2016-07-11','GENERAL SURGERIES',3),('Q0-2001','2016-07-11','GENERAL SURGERIES',17),('H8-8856','2016-07-12','VACCINATIONS',5),('V4-6172','2016-07-12','VACCINATIONS',5),('J2-4382','2016-07-12','GROOMING',3),('V4-6172','2016-07-12','GROOMING',3),('L8-9022','2016-07-12','GROOMING',1),('O3-1895','2016-07-13','VACCINATIONS',5),('P0-1725','2016-07-13','VACCINATIONS',5),('W8-5750','2016-07-13','VACCINATIONS',5),('V5-2342','2016-07-13','VACCINATIONS',5),('L4-9973','2016-07-13','VACCINATIONS',5),('S4-0789','2016-07-13','GROOMING',3),('S1-2243','2016-07-13','GROOMING',1),('S4-1063','2016-07-13','GROOMING',1),('U6-4890','2016-07-14','VACCINATIONS',5),('T0-5705','2016-07-15','VACCINATIONS',5),('K4-5012','2016-07-15','VACCINATIONS',5),('R4-6131','2016-07-15','VACCINATIONS',5),('H8-1429','2016-07-15','GROOMING',3),('Q0-3593','2016-07-15','GROOMING',3),('I7-9550','2016-07-15','GROOMING',3),('Z4-4045','2016-07-15','GROOMING',1),('N8-0553','2016-07-16','GENERAL SURGERIES',16),('L2-1834','2016-07-16','VACCINATIONS',5),('S5-5938','2016-07-16','VACCINATIONS',5),('X0-8765','2016-07-16','VACCINATIONS',5),('L8-9022','2016-07-16','VACCINATIONS',5),('L4-4205','2016-07-16','VACCINATIONS',5),('J6-8562','2016-07-16','VACCINATIONS',5),('L4-6292','2016-07-16','VACCINATIONS',5),('S4-4013','2016-07-16','VACCINATIONS',5),('H8-1429','2016-07-16','VACCINATIONS',5),('U4-5113','2016-07-16','VACCINATIONS',5),('G6-6501','2016-07-16','VACCINATIONS',5),('N7-6805','2016-07-16','VACCINATIONS',5),('I7-9550','2016-07-16','ORTHOPEDIC',1),('P1-2578','2016-07-16','GENERAL SURGERIES',10),('P1-2578','2016-07-16','GENERAL SURGERIES',18),('O6-3123','2016-07-16','GROOMING',3),('Q8-8753','2016-07-16','GROOMING',3),('S4-1063','2016-07-16','GENERAL SURGERIES',3),('J1-6366','2016-07-17','VACCINATIONS',5),('L0-6660','2016-07-17','VACCINATIONS',5),('R3-7551','2016-07-17','VACCINATIONS',5),('J8-7429','2016-07-17','VACCINATIONS',5),('Q2-3642','2016-07-17','GROOMING',2),('Q0-8904','2016-07-17','HOSPITALIZATION',1),('U2-4205','2016-07-17','GROOMING',1),('O6-3123','2016-07-18','VACCINATIONS',5),('L4-4205','2016-07-18','VACCINATIONS',5),('Q0-8904','2016-07-18','VACCINATIONS',5),('Z4-4045','2016-07-18','VACCINATIONS',5),('I2-7926','2016-07-18','VACCINATIONS',5),('L2-1834','2016-07-18','GROOMING',1),('J2-3320','2016-07-18','GROOMING',1),('S4-0789','2016-07-18','GROOMING',1),('O8-0027','2016-07-19','VACCINATIONS',5),('U4-9376','2016-07-20','VACCINATIONS',1),('F2-3235','2016-07-20','VACCINATIONS',5),('V4-6172','2016-07-20','VACCINATIONS',5),('J8-7429','2016-07-20','VACCINATIONS',5),('U4-9376','2016-07-20','VACCINATIONS',5),('L8-9022','2016-07-20','ORTHOPEDIC',7),('L4-4030','2016-07-20','GROOMING',1),('S4-1063','2016-07-21','VACCINATIONS',5),('W9-8307','2016-07-21','VACCINATIONS',5),('L0-6660','2016-07-21','VACCINATIONS',5),('J0-7893','2016-07-21','VACCINATIONS',5),('X0-8765','2016-07-21','VACCINATIONS',5),('O5-2472','2016-07-21','VACCINATIONS',5),('P9-6519','2016-07-21','VACCINATIONS',5),('S4-0789','2016-07-21','VACCINATIONS',5),('G0-7675','2016-07-21','VACCINATIONS',5),('F1-1855','2016-07-21','VACCINATIONS',5),('G6-6501','2016-07-21','VACCINATIONS',5),('Z4-4045','2016-07-21','VACCINATIONS',5),('J8-7429','2016-07-21','ORTHOPEDIC',8),('L4-9973','2016-07-21','VACCINATIONS',4),('H8-1429','2016-07-21','ORTHOPEDIC',9),('I5-4893','2016-07-21','GROOMING',3),('U2-7207','2016-07-21','GROOMING',1),('F1-1855','2016-07-22','OFFICE FEES',3),('L0-6660','2016-07-22','VACCINATIONS',5),('S4-1063','2016-07-22','VACCINATIONS',5),('Q5-5872','2016-07-22','VACCINATIONS',5),('P9-3625','2016-07-22','VACCINATIONS',5),('J8-7429','2016-07-22','VACCINATIONS',5),('O1-7229','2016-07-22','VACCINATIONS',5),('X0-8765','2016-07-22','VACCINATIONS',5),('M4-9675','2016-07-22','VACCINATIONS',4),('P0-1725','2016-07-22','GROOMING',3),('H8-1429','2016-07-22','GENERAL SURGERIES',3),('Z6-3226','2016-07-23','VACCINATIONS',2),('O6-3123','2016-07-23','GROOMING',3),('L8-0046','2016-07-24','GENERAL SURGERIES',18),('K4-5012','2016-07-25','VACCINATIONS',5),('U6-4890','2016-07-25','VACCINATIONS',5),('Z4-5652','2016-07-25','VACCINATIONS',5),('S5-5938','2016-07-25','OFFICE FEES',1),('L8-0046','2016-07-25','GROOMING',3),('V5-2342','2016-07-25','GROOMING',3),('J6-8562','2016-07-26','VACCINATIONS',5),('J1-6366','2016-07-26','GENERAL SURGERIES',2),('G9-0817','2016-07-26','GROOMING',1),('R3-7551','2016-07-27','VACCINATIONS',4),('J2-3320','2016-07-28','GENERAL SURGERIES',6),('Q4-9479','2016-07-28','VACCINATIONS',5),('X6-4876','2016-07-28','VACCINATIONS',5),('U4-9376','2016-07-28','VACCINATIONS',5),('U2-4205','2016-07-28','VACCINATIONS',5),('L2-1834','2016-07-28','VACCINATIONS',5),('L0-6660','2016-07-28','VACCINATIONS',5),('Z8-4419','2016-07-28','VACCINATIONS',5),('T2-2142','2016-07-28','ORTHOPEDIC',2),('Q8-3145','2016-07-28','GROOMING',3),('J6-8562','2016-07-28','GROOMING',1),('G9-0817','2016-07-28','GROOMING',1),('X0-8765','2016-07-29','GENERAL SURGERIES',3),('G0-8531','2016-07-30','VACCINATIONS',5),('O8-0027','2016-07-30','VACCINATIONS',5),('P0-1725','2016-07-30','VACCINATIONS',5),('O5-2472','2016-07-30','VACCINATIONS',5),('M0-2904','2016-07-30','VACCINATIONS',5),('X8-8611','2016-07-30','VACCINATIONS',5),('G0-8531','2016-07-30','VACCINATIONS',5),('W8-5750','2016-07-30','VACCINATIONS',5),('P9-6519','2016-07-30','VACCINATIONS',5),('H8-1429','2016-07-30','VACCINATIONS',5),('N8-0553','2016-07-30','VACCINATIONS',5),('L4-4030','2016-07-30','VACCINATIONS',5),('N8-0553','2016-07-30','GROOMING',1),('I7-9550','2016-07-31','VACCINATIONS',5),('Q8-0954','2016-07-31','VACCINATIONS',3),('R7-4835','2016-07-31','ORTHOPEDIC',9),('Q8-0954','2016-07-31','GROOMING',3),('W7-6372','2016-08-01','VACCINATIONS',5),('V4-6172','2016-08-01','VACCINATIONS',5),('J6-8562','2016-08-01','VACCINATIONS',5),('S4-1063','2016-08-01','VACCINATIONS',5),('G0-7675','2016-08-01','VACCINATIONS',5),('X0-8765','2016-08-01','VACCINATIONS',5),('I7-9550','2016-08-01','VACCINATIONS',5),('T0-3277','2016-08-01','ORTHOPEDIC',7),('S4-2254','2016-08-01','GROOMING',1),('L0-6660','2016-08-01','GROOMING',1),('M8-7852','2016-08-01','GENERAL SURGERIES',3),('T2-2142','2016-08-01','GENERAL SURGERIES',3),('Q8-0954','2016-08-02','VACCINATIONS',2),('X0-8765','2016-08-02','VACCINATIONS',5),('G0-7675','2016-08-02','VACCINATIONS',5),('S4-2254','2016-08-02','VACCINATIONS',5),('L4-2594','2016-08-02','VACCINATIONS',5),('S4-1063','2016-08-02','VACCINATIONS',5),('X6-4876','2016-08-02','VACCINATIONS',5),('F2-3235','2016-08-02','ORTHOPEDIC',1),('G6-6501','2016-08-02','OFFICE FEES',2),('S4-0789','2016-08-02','GROOMING',1),('U0-5987','2016-08-02','GENERAL SURGERIES',3),('R3-7551','2016-08-03','VACCINATIONS',5),('J6-8562','2016-08-03','VACCINATIONS',5),('I2-7926','2016-08-03','VACCINATIONS',5),('N8-0553','2016-08-03','VACCINATIONS',5),('S4-1063','2016-08-03','VACCINATIONS',5),('U6-4890','2016-08-03','VACCINATIONS',5),('F2-3235','2016-08-03','GROOMING',3),('F1-1855','2016-08-03','ORTHOPEDIC',8),('O5-2472','2016-08-03','GROOMING',3),('O3-1895','2016-08-04','VACCINATIONS',5),('N0-9539','2016-08-04','VACCINATIONS',5),('M2-1131','2016-08-04','GROOMING',3),('L4-2594','2016-08-05','VACCINATIONS',5),('G4-8096','2016-08-06','VACCINATIONS',5),('R3-7551','2016-08-06','VACCINATIONS',5),('U4-6674','2016-08-06','VACCINATIONS',5),('J0-7893','2016-08-06','VACCINATIONS',5),('S4-2254','2016-08-06','VACCINATIONS',5),('O1-7229','2016-08-06','GENERAL SURGERIES',13),('M4-9675','2016-08-07','GROOMING',3),('S5-5938','2016-08-08','ORTHOPEDIC',7),('W9-8307','2016-08-08','VACCINATIONS',5),('W8-5750','2016-08-08','VACCINATIONS',5),('N7-6805','2016-08-09','ORTHOPEDIC',6),('R4-6131','2016-08-09','VACCINATIONS',5),('S5-5938','2016-08-09','VACCINATIONS',5),('G0-8531','2016-08-09','GENERAL SURGERIES',14),('K0-8177','2016-08-09','GROOMING',3),('X8-9212','2016-08-09','GENERAL SURGERIES',3),('Z4-4045','2016-08-10','VACCINATIONS',4),('S4-2254','2016-08-10','VACCINATIONS',5),('U0-5987','2016-08-10','VACCINATIONS',5),('M4-9675','2016-08-10','VACCINATIONS',5),('I6-9459','2016-08-10','VACCINATIONS',5),('P9-3625','2016-08-10','VACCINATIONS',5),('L4-4205','2016-08-10','VACCINATIONS',5),('U4-9376','2016-08-10','VACCINATIONS',5),('L8-0046','2016-08-10','GENERAL SURGERIES',4),('Q9-1565','2016-08-10','ORTHOPEDIC',6),('U4-6674','2016-08-10','GROOMING',2),('P7-2443','2016-08-10','GENERAL SURGERIES',8),('T8-1754','2016-08-10','GROOMING',3),('H2-8586','2016-08-10','GROOMING',1),('O8-2501','2016-08-11','GENERAL SURGERIES',1),('U2-7207','2016-08-12','VACCINATIONS',5),('X8-8611','2016-08-12','VACCINATIONS',5),('O8-0027','2016-08-12','GROOMING',1),('G4-8096','2016-08-12','GROOMING',1),('I5-4893','2016-08-13','VACCINATIONS',5),('I6-9459','2016-08-13','VACCINATIONS',5),('Z6-3226','2016-08-13','VACCINATIONS',5),('V7-6771','2016-08-13','VACCINATIONS',5),('T0-5705','2016-08-13','GROOMING',3),('G0-8531','2016-08-13','GROOMING',1),('T0-5705','2016-08-14','GENERAL SURGERIES',14),('P2-7342','2016-08-14','VACCINATIONS',5),('R7-4835','2016-08-14','VACCINATIONS',5),('V2-4634','2016-08-14','VACCINATIONS',5),('L8-0046','2016-08-14','VACCINATIONS',5),('N8-0553','2016-08-14','VACCINATIONS',5),('S4-4013','2016-08-14','VACCINATIONS',5),('U4-9376','2016-08-14','VACCINATIONS',5),('U4-6674','2016-08-14','GENERAL SURGERIES',18),('S4-2254','2016-08-14','ORTHOPEDIC',2),('Q0-3593','2016-08-14','GROOMING',3),('O1-7229','2016-08-14','ORTHOPEDIC',5),('S4-1063','2016-08-14','OFFICE FEES',3),('S5-5938','2016-08-14','GROOMING',3),('R3-7551','2016-08-14','GROOMING',1),('J2-3320','2016-08-14','GROOMING',1),('Q0-2001','2016-08-15','GROOMING',1),('L4-9973','2016-08-15','GROOMING',1),('O3-1895','2016-08-16','VACCINATIONS',5),('O1-7229','2016-08-16','VACCINATIONS',5),('X8-8611','2016-08-16','VACCINATIONS',5),('P9-6519','2016-08-17','VACCINATIONS',5),('F1-1855','2016-08-17','VACCINATIONS',5),('I6-9459','2016-08-17','VACCINATIONS',5),('L2-1834','2016-08-17','VACCINATIONS',5),('G9-0817','2016-08-17','VACCINATIONS',5),('I2-7926','2016-08-17','GENERAL SURGERIES',18),('L4-4205','2016-08-17','VACCINATIONS',3),('X8-9212','2016-08-17','ORTHOPEDIC',2),('J0-7893','2016-08-17','GROOMING',3),('I5-4893','2016-08-17','GROOMING',1),('P0-1725','2016-08-18','VACCINATIONS',5),('F1-1855','2016-08-19','GROOMING',1),('I6-9459','2016-08-19','GROOMING',1),('O8-0027','2016-08-19','GROOMING',1),('O5-2472','2016-08-20','VACCINATIONS',5),('T0-5705','2016-08-20','VACCINATIONS',5),('F6-5391','2016-08-20','VACCINATIONS',5),('U6-4890','2016-08-20','VACCINATIONS',5),('O8-0027','2016-08-20','VACCINATIONS',5),('T2-2142','2016-08-20','GENERAL SURGERIES',7),('M0-2904','2016-08-20','GENERAL SURGERIES',13),('Q0-8904','2016-08-20','GENERAL SURGERIES',12),('Z8-4419','2016-08-20','GROOMING',1),('T8-1754','2016-08-20','GROOMING',1),('W7-6372','2016-08-20','GROOMING',1),('X8-9212','2016-08-21','GROOMING',2),('H8-8856','2016-08-21','VACCINATIONS',6),('N7-6805','2016-08-21','VACCINATIONS',5),('Z6-3226','2016-08-21','VACCINATIONS',5),('P0-1725','2016-08-21','VACCINATIONS',5),('P0-1725','2016-08-21','VACCINATIONS',5),('P9-6519','2016-08-21','VACCINATIONS',5),('U8-6473','2016-08-21','VACCINATIONS',5),('T8-1754','2016-08-21','VACCINATIONS',5),('P2-7342','2016-08-21','VACCINATIONS',5),('F2-3235','2016-08-21','VACCINATIONS',5),('L4-2594','2016-08-21','VACCINATIONS',5),('J1-6366','2016-08-21','VACCINATIONS',5),('P0-1725','2016-08-21','VACCINATIONS',5),('F2-3235','2016-08-21','OFFICE FEES',1),('U8-6473','2016-08-21','GENERAL SURGERIES',1),('Z6-3226','2016-08-21','GENERAL SURGERIES',8),('S4-4013','2016-08-21','GROOMING',1),('V7-6771','2016-08-21','GROOMING',1),('R4-6131','2016-08-21','GROOMING',1),('G0-8531','2016-08-21','GROOMING',1),('S4-1063','2016-08-22','VACCINATIONS',5),('Q4-9479','2016-08-22','VACCINATIONS',5),('F6-5391','2016-08-22','VACCINATIONS',5),('F2-3235','2016-08-22','VACCINATIONS',5),('L4-4205','2016-08-23','VACCINATIONS',5),('X8-8611','2016-08-23','VACCINATIONS',5),('O3-1895','2016-08-23','VACCINATIONS',5),('S4-4013','2016-08-23','VACCINATIONS',5),('X0-8765','2016-08-23','VACCINATIONS',5),('S4-2254','2016-08-23','VACCINATIONS',5),('M4-9675','2016-08-23','VACCINATIONS',5),('F2-3235','2016-08-23','VACCINATIONS',5),('O1-7229','2016-08-23','VACCINATIONS',5),('U4-6674','2016-08-23','GENERAL SURGERIES',10),('R4-6131','2016-08-23','GENERAL SURGERIES',10),('X7-2632','2016-08-23','GROOMING',1),('G6-6501','2016-08-23','GENERAL SURGERIES',3),('Q9-1565','2016-08-23','GENERAL SURGERIES',3),('R3-7551','2016-08-24','ORTHOPEDIC',8),('W8-5750','2016-08-24','VACCINATIONS',1),('L8-9022','2016-08-24','VACCINATIONS',5),('P7-2443','2016-08-24','VACCINATIONS',5),('Q0-2001','2016-08-24','VACCINATIONS',5),('J6-8562','2016-08-24','VACCINATIONS',5),('O8-0027','2016-08-24','VACCINATIONS',5),('O8-0027','2016-08-24','VACCINATIONS',5),('H8-8856','2016-08-24','VACCINATIONS',5),('Q8-8753','2016-08-24','VACCINATIONS',5),('S4-1063','2016-08-24','VACCINATIONS',5),('S4-9578','2016-08-24','VACCINATIONS',5),('P2-7342','2016-08-24','GENERAL SURGERIES',18),('V7-6771','2016-08-24','ORTHOPEDIC',4),('Z6-3226','2016-08-24','GROOMING',3),('Q0-8904','2016-08-25','VACCINATIONS',5),('S4-1063','2016-08-26','VACCINATIONS',5),('V2-4634','2016-08-26','VACCINATIONS',5),('V2-4634','2016-08-26','VACCINATIONS',1),('M4-9675','2016-08-26','GROOMING',3),('R3-7551','2016-08-26','GROOMING',1),('M2-1131','2016-08-27','VACCINATIONS',5),('G0-8531','2016-08-27','VACCINATIONS',6),('M2-1131','2016-08-28','VACCINATIONS',5),('Q8-3145','2016-08-29','VACCINATIONS',5),('S4-4013','2016-08-29','VACCINATIONS',5),('N0-9539','2016-08-29','VACCINATIONS',5),('G0-8531','2016-08-29','VACCINATIONS',5),('I6-9459','2016-08-29','GROOMING',1),('Z4-4045','2016-08-30','VACCINATIONS',5),('V5-2342','2016-08-30','VACCINATIONS',6),('X8-8611','2016-08-30','VACCINATIONS',5),('K4-5012','2016-08-30','VACCINATIONS',5),('Q9-1565','2016-08-30','VACCINATIONS',5),('W7-6372','2016-08-30','VACCINATIONS',5),('L4-4205','2016-08-30','VACCINATIONS',5),('Z8-4419','2016-08-30','VACCINATIONS',5),('X7-2632','2016-08-30','VACCINATIONS',5),('O6-3123','2016-08-30','VACCINATIONS',1),('U2-7207','2016-08-30','GENERAL SURGERIES',18),('Q0-8904','2016-08-30','GROOMING',3),('L4-9973','2016-08-30','GROOMING',3),('U2-7207','2016-08-30','GROOMING',3),('S4-9578','2016-08-30','GROOMING',1),('I2-7926','2016-08-30','GROOMING',1),('U6-4890','2016-08-30','GENERAL SURGERIES',3),('V5-2342','2016-08-30','GENERAL SURGERIES',3),('S5-5938','2016-08-31','VACCINATIONS',5),('N6-7350','2016-09-01','VACCINATIONS',6),('U4-6674','2016-09-02','VACCINATIONS',5),('U4-5113','2016-09-03','VACCINATIONS',4),('O6-3123','2016-09-03','VACCINATIONS',5),('L2-1834','2016-09-03','VACCINATIONS',5),('T8-1754','2016-09-03','GROOMING',1),('G9-0817','2016-09-04','VACCINATIONS',5),('V7-6771','2016-09-04','VACCINATIONS',5),('U4-9376','2016-09-05','GENERAL SURGERIES',3),('X7-2632','2016-09-06','VACCINATIONS',5),('L4-4030','2016-09-06','VACCINATIONS',5),('P0-1725','2016-09-06','VACCINATIONS',5),('T2-2142','2016-09-06','VACCINATIONS',5),('L4-9973','2016-09-06','GROOMING',3),('L8-0046','2016-09-06','GROOMING',1),('F2-3235','2016-09-07','GENERAL SURGERIES',3),('K4-5012','2016-09-08','VACCINATIONS',5),('I7-9550','2016-09-08','VACCINATIONS',5),('R3-7551','2016-09-08','VACCINATIONS',5),('M8-7852','2016-09-08','VACCINATIONS',5),('V4-6172','2016-09-08','VACCINATIONS',5),('P2-7342','2016-09-08','VACCINATIONS',5),('O6-3123','2016-09-08','VACCINATIONS',5),('J6-8562','2016-09-08','GROOMING',1),('L8-9022','2016-09-09','VACCINATIONS',5),('G4-8096','2016-09-09','VACCINATIONS',5),('G6-6501','2016-09-09','VACCINATIONS',5),('R7-4835','2016-09-09','VACCINATIONS',5),('O1-7229','2016-09-09','VACCINATIONS',5),('T2-2142','2016-09-09','VACCINATIONS',5),('G9-0817','2016-09-09','GROOMING',2),('L4-4030','2016-09-09','GROOMING',3),('W7-6372','2016-09-09','GROOMING',3),('Z6-3226','2016-09-09','GROOMING',3),('L4-6292','2016-09-09','GENERAL SURGERIES',3),('J0-7893','2016-09-10','VACCINATIONS',5),('R4-6131','2016-09-10','VACCINATIONS',5),('F2-3235','2016-09-10','VACCINATIONS',5),('O8-0027','2016-09-10','VACCINATIONS',5),('S1-2243','2016-09-10','GROOMING',1),('U4-9376','2016-09-10','ORTHOPEDIC',4),('T2-2142','2016-09-10','GROOMING',1),('N8-0553','2016-09-11','VACCINATIONS',5),('H2-8586','2016-09-11','VACCINATIONS',5),('S4-4013','2016-09-11','VACCINATIONS',5),('T8-1754','2016-09-11','VACCINATIONS',5),('S4-4013','2016-09-11','VACCINATIONS',5),('U4-6674','2016-09-11','VACCINATIONS',5),('I7-9550','2016-09-11','VACCINATIONS',5),('X8-8611','2016-09-11','VACCINATIONS',5),('Q8-8753','2016-09-11','GENERAL SURGERIES',13),('L4-4205','2016-09-12','VACCINATIONS',5),('Q8-0954','2016-09-12','GROOMING',3),('Q9-1565','2016-09-12','GROOMING',3),('Z4-4045','2016-09-13','VACCINATIONS',4),('G4-8096','2016-09-13','VACCINATIONS',5),('N7-6805','2016-09-13','VACCINATIONS',5),('S4-2254','2016-09-13','VACCINATIONS',5),('V5-2342','2016-09-13','VACCINATIONS',5),('Q5-5872','2016-09-13','GROOMING',3),('P0-1725','2016-09-14','VACCINATIONS',5),('U2-4205','2016-09-14','GROOMING',1),('Q0-2001','2016-09-14','GROOMING',1),('U4-5113','2016-09-15','VACCINATIONS',5),('G6-6501','2016-09-16','VACCINATIONS',5),('N7-6805','2016-09-17','VACCINATIONS',5),('U8-6473','2016-09-17','VACCINATIONS',5),('F2-3235','2016-09-17','VACCINATIONS',5),('R7-4835','2016-09-17','VACCINATIONS',5),('Q0-3593','2016-09-17','VACCINATIONS',5),('K0-8177','2016-09-17','VACCINATIONS',5),('S4-4013','2016-09-17','VACCINATIONS',5),('S5-5938','2016-09-17','VACCINATIONS',5),('M2-1131','2016-09-17','VACCINATIONS',4),('I5-4893','2016-09-17','GENERAL SURGERIES',1),('P9-6519','2016-09-17','GROOMING',3),('T0-3277','2016-09-17','GENERAL SURGERIES',3),('M0-2904','2016-09-18','VACCINATIONS',5),('T0-3277','2016-09-18','VACCINATIONS',5),('N7-6805','2016-09-18','ORTHOPEDIC',3),('V4-6172','2016-09-18','GENERAL SURGERIES',3),('J6-8562','2016-09-18','GROOMING',3),('T2-2142','2016-09-19','GENERAL SURGERIES',1),('U0-5987','2016-09-19','VACCINATIONS',5),('J0-7893','2016-09-19','VACCINATIONS',5),('P7-2443','2016-09-19','VACCINATIONS',5),('R7-4835','2016-09-19','VACCINATIONS',5),('T0-3277','2016-09-19','VACCINATIONS',5),('U4-5113','2016-09-19','VACCINATIONS',5),('P7-2443','2016-09-19','VACCINATIONS',5),('Q0-8904','2016-09-19','VACCINATIONS',5),('U4-6674','2016-09-19','VACCINATIONS',5),('K4-5012','2016-09-19','VACCINATIONS',5),('N6-7350','2016-09-19','VACCINATIONS',5),('I6-9459','2016-09-19','VACCINATIONS',5),('Q5-5872','2016-09-19','VACCINATIONS',5),('Z6-3226','2016-09-19','VACCINATIONS',5),('M2-1131','2016-09-19','VACCINATIONS',5),('X8-8611','2016-09-19','ORTHOPEDIC',5),('U2-7207','2016-09-19','GENERAL SURGERIES',11),('S4-2254','2016-09-19','GROOMING',3),('M4-9675','2016-09-19','GROOMING',3),('V4-6172','2016-09-19','GROOMING',3),('V2-4634','2016-09-19','GROOMING',3),('P0-1725','2016-09-19','GROOMING',3),('N8-0553','2016-09-19','GROOMING',1),('N6-7350','2016-09-19','GENERAL SURGERIES',3),('U2-7207','2016-09-20','VACCINATIONS',5),('N7-6805','2016-09-20','VACCINATIONS',5),('M4-9675','2016-09-20','GENERAL SURGERIES',11),('Q0-8904','2016-09-20','GROOMING',1),('L8-9022','2016-09-21','HOSPITALIZATION',1),('J0-7893','2016-09-22','GROOMING',2),('I7-9550','2016-09-22','HOSPITALIZATION',1),('Q9-1565','2016-09-22','VACCINATIONS',5),('K0-8177','2016-09-22','VACCINATIONS',5),('P9-3625','2016-09-22','VACCINATIONS',5),('Q8-0954','2016-09-22','VACCINATIONS',5),('P0-1725','2016-09-22','VACCINATIONS',5),('S4-4013','2016-09-23','ORTHOPEDIC',3),('X0-8765','2016-09-23','VACCINATIONS',5),('P1-2578','2016-09-23','GENERAL SURGERIES',7),('V2-4634','2016-09-24','VACCINATIONS',5),('T0-3277','2016-09-24','VACCINATIONS',5),('P2-7342','2016-09-24','VACCINATIONS',5),('K4-5012','2016-09-24','OFFICE FEES',2),('G0-7675','2016-09-24','GENERAL SURGERIES',3),('X7-2632','2016-09-25','GENERAL SURGERIES',13),('P9-6519','2016-09-25','VACCINATIONS',5),('F6-5391','2016-09-25','VACCINATIONS',5),('L4-4205','2016-09-25','VACCINATIONS',5),('G0-7675','2016-09-25','VACCINATIONS',5),('U4-9376','2016-09-25','VACCINATIONS',5),('J0-7893','2016-09-25','VACCINATIONS',5),('Q0-8904','2016-09-25','VACCINATIONS',5),('S5-5938','2016-09-25','GENERAL SURGERIES',12),('P9-6519','2016-09-25','GROOMING',2),('Q8-3145','2016-09-25','GROOMING',3),('Q8-8753','2016-09-25','GROOMING',3),('O5-2472','2016-09-26','VACCINATIONS',1),('Q5-5872','2016-09-26','VACCINATIONS',5),('T0-5705','2016-09-26','VACCINATIONS',5),('S5-5938','2016-09-26','VACCINATIONS',5),('J2-3320','2016-09-26','VACCINATIONS',5),('Q9-1565','2016-09-26','VACCINATIONS',5),('V4-6172','2016-09-26','VACCINATIONS',5),('G0-7675','2016-09-26','OFFICE FEES',1),('Z4-5652','2016-09-26','ORTHOPEDIC',6),('S1-2243','2016-09-26','ORTHOPEDIC',9),('P9-3625','2016-09-26','GENERAL SURGERIES',19),('Q2-3642','2016-09-26','ORTHOPEDIC',1),('S4-9578','2016-09-26','HOSPITALIZATION',1),('N7-6805','2016-09-26','GENERAL SURGERIES',19),('Q5-5872','2016-09-27','VACCINATIONS',5),('G4-8096','2016-09-27','VACCINATIONS',5),('Q0-3593','2016-09-28','VACCINATIONS',5),('W9-8307','2016-09-28','GENERAL SURGERIES',3),('X0-8765','2016-09-29','GENERAL SURGERIES',14),('I5-4893','2016-09-29','ORTHOPEDIC',9),('H8-8856','2016-09-30','VACCINATIONS',5),('O8-2501','2016-09-30','VACCINATIONS',5),('M8-7852','2016-09-30','GENERAL SURGERIES',16),('S4-0789','2016-09-30','GROOMING',3),('M4-9675','2016-09-30','ORTHOPEDIC',1),('Q2-3642','2016-09-30','GROOMING',1),('X6-4876','2016-10-01','VACCINATIONS',5),('H8-1429','2016-10-01','ORTHOPEDIC',4),('J2-3320','2016-10-01','GROOMING',1),('W7-6372','2016-10-02','ORTHOPEDIC',9),('I6-9459','2016-10-02','GENERAL SURGERIES',8),('U8-6473','2016-10-02','VACCINATIONS',5),('W9-8307','2016-10-02','VACCINATIONS',5),('Q8-0954','2016-10-02','VACCINATIONS',5),('O6-3123','2016-10-02','GENERAL SURGERIES',15),('J2-4382','2016-10-02','GENERAL SURGERIES',16),('X8-8611','2016-10-02','GROOMING',1),('O1-7229','2016-10-02','GROOMING',1),('N0-9539','2016-10-03','VACCINATIONS',5),('G0-8531','2016-10-03','VACCINATIONS',5),('T0-3277','2016-10-03','VACCINATIONS',5),('L2-1834','2016-10-03','VACCINATIONS',5),('R3-7551','2016-10-03','VACCINATIONS',5),('V5-2342','2016-10-03','GENERAL SURGERIES',8),('U2-7207','2016-10-03','GENERAL SURGERIES',3),('L8-0046','2016-10-04','VACCINATIONS',5),('P9-6519','2016-10-05','VACCINATIONS',5),('I6-9459','2016-10-05','VACCINATIONS',5),('L2-1834','2016-10-05','VACCINATIONS',5),('P9-6519','2016-10-05','VACCINATIONS',5),('Z4-5652','2016-10-06','VACCINATIONS',5),('N0-9539','2016-10-06','VACCINATIONS',5),('S1-2243','2016-10-06','VACCINATIONS',5),('Q2-3642','2016-10-06','ORTHOPEDIC',7),('N8-0553','2016-10-06','ORTHOPEDIC',9),('W8-5750','2016-10-06','GROOMING',3),('X6-4876','2016-10-06','GROOMING',3),('O8-0027','2016-10-06','GROOMING',1),('J0-7893','2016-10-06','GROOMING',1),('X7-2632','2016-10-07','VACCINATIONS',5),('L8-0046','2016-10-07','GROOMING',1),('X7-2632','2016-10-08','VACCINATIONS',6),('N6-7350','2016-10-08','VACCINATIONS',5),('J6-8562','2016-10-08','VACCINATIONS',5),('U2-7207','2016-10-08','VACCINATIONS',5),('L2-1834','2016-10-08','GROOMING',1),('J1-6366','2016-10-09','GENERAL SURGERIES',19),('Q8-0954','2016-10-10','GENERAL SURGERIES',19),('O5-2472','2016-10-10','VACCINATIONS',5),('T2-2142','2016-10-10','VACCINATIONS',5),('N0-9539','2016-10-10','VACCINATIONS',5),('U4-6674','2016-10-10','VACCINATIONS',5),('U4-9376','2016-10-10','OFFICE FEES',3),('L8-9022','2016-10-10','GROOMING',1),('X7-2632','2016-10-11','VACCINATIONS',5),('G0-7675','2016-10-11','VACCINATIONS',5),('X8-9212','2016-10-12','VACCINATIONS',5),('T2-2142','2016-10-13','VACCINATIONS',5),('J0-7893','2016-10-13','VACCINATIONS',5),('I5-4893','2016-10-13','VACCINATIONS',5),('S4-1063','2016-10-13','VACCINATIONS',5),('Q8-3145','2016-10-13','VACCINATIONS',5),('J8-7429','2016-10-13','VACCINATIONS',5),('U0-5987','2016-10-13','VACCINATIONS',5),('Q8-0954','2016-10-13','VACCINATIONS',4),('X7-2632','2016-10-13','GROOMING',3),('W9-8307','2016-10-13','GROOMING',1),('Z4-5652','2016-10-13','GROOMING',1),('L4-4205','2016-10-13','GROOMING',1),('L8-0046','2016-10-13','GENERAL SURGERIES',3),('Q8-3145','2016-10-14','VACCINATIONS',5),('L2-1834','2016-10-14','VACCINATIONS',5),('O6-3123','2016-10-14','VACCINATIONS',5),('O5-2472','2016-10-14','VACCINATIONS',5),('N0-9539','2016-10-14','GENERAL SURGERIES',16),('S4-2254','2016-10-14','GENERAL SURGERIES',12),('L4-4030','2016-10-15','VACCINATIONS',5),('O8-2501','2016-10-15','GENERAL SURGERIES',5),('Q2-3642','2016-10-15','GROOMING',1),('U6-4890','2016-10-16','VACCINATIONS',5),('Z8-4419','2016-10-17','OFFICE FEES',2),('W8-5750','2016-10-17','VACCINATIONS',5),('I2-7926','2016-10-17','VACCINATIONS',5),('Z4-4045','2016-10-17','VACCINATIONS',5),('L4-6292','2016-10-17','VACCINATIONS',5),('L8-9022','2016-10-17','VACCINATIONS',5),('I2-7926','2016-10-17','VACCINATIONS',5),('T0-3277','2016-10-17','ORTHOPEDIC',4),('X7-2632','2016-10-17','GROOMING',3),('U2-4205','2016-10-18','GROOMING',3),('K4-5012','2016-10-19','VACCINATIONS',5),('T2-2142','2016-10-19','VACCINATIONS',5),('X8-8611','2016-10-19','VACCINATIONS',5),('G9-0817','2016-10-19','VACCINATIONS',5),('S4-9578','2016-10-19','VACCINATIONS',5),('P1-2578','2016-10-19','VACCINATIONS',5),('N7-6805','2016-10-19','VACCINATIONS',5),('L0-6660','2016-10-19','VACCINATIONS',5),('Z4-4045','2016-10-19','VACCINATIONS',5),('L4-2594','2016-10-19','VACCINATIONS',5),('Q8-3145','2016-10-19','VACCINATIONS',5),('P9-3625','2016-10-19','VACCINATIONS',5),('J1-6366','2016-10-20','VACCINATIONS',5),('P2-7342','2016-10-20','VACCINATIONS',5),('Z6-3226','2016-10-20','VACCINATIONS',5),('J2-3320','2016-10-21','VACCINATIONS',5),('L4-6292','2016-10-21','VACCINATIONS',5),('Q8-3145','2016-10-21','VACCINATIONS',5),('Q9-1565','2016-10-21','VACCINATIONS',5),('X6-4876','2016-10-21','GENERAL SURGERIES',2),('M2-1131','2016-10-21','GROOMING',3),('V5-2342','2016-10-22','GENERAL SURGERIES',3),('G6-6501','2016-10-22','GENERAL SURGERIES',17),('V2-4634','2016-10-22','VACCINATIONS',5),('Q0-3593','2016-10-22','VACCINATIONS',5),('O8-0027','2016-10-22','VACCINATIONS',5),('S4-9578','2016-10-22','VACCINATIONS',5),('Q5-5872','2016-10-22','VACCINATIONS',5),('X0-8765','2016-10-22','GENERAL SURGERIES',7),('L8-9022','2016-10-22','GROOMING',3),('X0-8765','2016-10-22','GROOMING',1),('N7-6805','2016-10-22','GENERAL SURGERIES',3),('F6-5391','2016-10-23','OFFICE FEES',1),('L4-6292','2016-10-23','VACCINATIONS',5),('O5-2472','2016-10-23','GENERAL SURGERIES',8),('F6-5391','2016-10-23','GROOMING',3),('Q0-2001','2016-10-24','VACCINATIONS',5),('I5-4893','2016-10-24','GROOMING',1),('P0-1725','2016-10-25','ORTHOPEDIC',1),('Z6-3226','2016-10-25','VACCINATIONS',5),('S4-1063','2016-10-25','VACCINATIONS',5),('H8-8856','2016-10-25','VACCINATIONS',5),('V2-4634','2016-10-25','VACCINATIONS',5),('P7-2443','2016-10-25','VACCINATIONS',5),('X7-2632','2016-10-25','VACCINATIONS',5),('Q8-8753','2016-10-25','VACCINATIONS',5),('G6-6501','2016-10-25','VACCINATIONS',5),('U2-7207','2016-10-25','GROOMING',3),('N8-0553','2016-10-25','GROOMING',1),('U2-7207','2016-10-26','GROOMING',3),('T8-1754','2016-10-27','VACCINATIONS',5),('M2-1131','2016-10-27','VACCINATIONS',5),('W8-5750','2016-10-27','GROOMING',3),('Q8-3145','2016-10-28','VACCINATIONS',5),('U2-4205','2016-10-29','VACCINATIONS',5),('U8-6473','2016-10-29','VACCINATIONS',5),('V5-2342','2016-10-29','VACCINATIONS',5),('U6-4890','2016-10-29','VACCINATIONS',5),('X7-2632','2016-10-29','VACCINATIONS',5),('G9-0817','2016-10-29','VACCINATIONS',5),('Q9-1565','2016-10-29','VACCINATIONS',5),('O6-3123','2016-10-29','VACCINATIONS',5),('O8-2501','2016-10-29','VACCINATIONS',5),('Q5-5872','2016-10-30','VACCINATIONS',5),('J0-7893','2016-10-30','VACCINATIONS',5),('O5-2472','2016-10-30','GROOMING',1),('O5-2472','2016-10-31','VACCINATIONS',5),('L8-0046','2016-10-31','VACCINATIONS',5),('M0-2904','2016-11-01','VACCINATIONS',1),('N0-9539','2016-11-02','GENERAL SURGERIES',8),('Q8-8753','2016-11-02','VACCINATIONS',5),('L4-4030','2016-11-02','VACCINATIONS',5),('G4-8096','2016-11-02','VACCINATIONS',5),('L4-4205','2016-11-02','VACCINATIONS',5),('I7-9550','2016-11-02','VACCINATIONS',5),('S4-1063','2016-11-02','VACCINATIONS',5),('X8-9212','2016-11-02','VACCINATIONS',5),('L0-6660','2016-11-02','VACCINATIONS',5),('L4-2594','2016-11-02','VACCINATIONS',5),('Q9-1565','2016-11-02','VACCINATIONS',5),('L4-4030','2016-11-02','GENERAL SURGERIES',14),('P9-3625','2016-11-02','GENERAL SURGERIES',6),('L2-1834','2016-11-02','GENERAL SURGERIES',12),('U4-6674','2016-11-02','GROOMING',3),('V2-4634','2016-11-02','GROOMING',3),('O6-3123','2016-11-02','GROOMING',3),('Q0-2001','2016-11-02','GROOMING',1),('O8-0027','2016-11-02','GROOMING',1),('P0-1725','2016-11-02','GENERAL SURGERIES',3),('S1-2243','2016-11-03','VACCINATIONS',5),('L0-6660','2016-11-03','VACCINATIONS',5),('M2-1131','2016-11-03','OFFICE FEES',3),('V5-2342','2016-11-04','VACCINATIONS',5),('X6-4876','2016-11-04','VACCINATIONS',5),('N8-0553','2016-11-04','VACCINATIONS',5),('M4-9675','2016-11-04','VACCINATIONS',6),('T0-3277','2016-11-04','ORTHOPEDIC',4),('H2-8586','2016-11-04','OFFICE FEES',3),('Z4-5652','2016-11-04','GROOMING',3),('F6-5391','2016-11-05','VACCINATIONS',3),('V4-6172','2016-11-05','VACCINATIONS',5),('P9-3625','2016-11-05','GROOMING',1),('H8-1429','2016-11-06','VACCINATIONS',5),('L8-0046','2016-11-06','VACCINATIONS',5),('P9-3625','2016-11-06','VACCINATIONS',5),('W7-6372','2016-11-06','VACCINATIONS',5),('M8-7852','2016-11-06','VACCINATIONS',5),('O8-2501','2016-11-06','VACCINATIONS',5),('S4-0789','2016-11-06','VACCINATIONS',5),('Q8-8753','2016-11-06','VACCINATIONS',5),('I2-7926','2016-11-06','VACCINATIONS',5),('U6-4890','2016-11-06','VACCINATIONS',5),('O5-2472','2016-11-06','VACCINATIONS',5),('R7-4835','2016-11-06','GENERAL SURGERIES',7),('I6-9459','2016-11-06','GENERAL SURGERIES',10),('U4-9376','2016-11-06','GROOMING',3),('N8-0553','2016-11-06','GROOMING',1),('T0-3277','2016-11-06','GENERAL SURGERIES',3),('O8-0027','2016-11-06','GENERAL SURGERIES',3),('S5-5938','2016-11-07','VACCINATIONS',5),('J0-7893','2016-11-07','VACCINATIONS',5),('Q8-8753','2016-11-07','VACCINATIONS',5),('N6-7350','2016-11-07','GROOMING',1),('S4-1063','2016-11-07','VACCINATIONS',3),('U8-6473','2016-11-07','GROOMING',3),('I6-9459','2016-11-08','VACCINATIONS',5),('T2-2142','2016-11-08','VACCINATIONS',5),('I6-9459','2016-11-08','VACCINATIONS',5),('N0-9539','2016-11-08','VACCINATIONS',5),('J2-4382','2016-11-08','VACCINATIONS',5),('U4-9376','2016-11-08','VACCINATIONS',2),('U4-9376','2016-11-08','VACCINATIONS',5),('P9-3625','2016-11-08','GROOMING',1),('M0-2904','2016-11-08','GENERAL SURGERIES',3),('H2-8586','2016-11-09','VACCINATIONS',5),('M8-7852','2016-11-09','VACCINATIONS',5),('N8-0553','2016-11-10','VACCINATIONS',5),('L8-0046','2016-11-11','GENERAL SURGERIES',3),('U0-5987','2016-11-12','VACCINATIONS',5),('M0-2904','2016-11-12','GROOMING',2),('I6-9459','2016-11-12','GROOMING',1),('H8-8856','2016-11-13','GROOMING',1),('P0-1725','2016-11-14','GENERAL SURGERIES',2),('H8-8856','2016-11-14','GENERAL SURGERIES',5),('Q8-8753','2016-11-14','VACCINATIONS',2),('F1-1855','2016-11-14','VACCINATIONS',5),('N8-0553','2016-11-15','VACCINATIONS',5),('R7-4835','2016-11-15','VACCINATIONS',5),('U6-4890','2016-11-15','GROOMING',1),('U4-5113','2016-11-15','GROOMING',1),('G6-6501','2016-11-16','VACCINATIONS',5),('S5-5938','2016-11-16','VACCINATIONS',5),('R7-4835','2016-11-16','VACCINATIONS',5),('O5-2472','2016-11-16','VACCINATIONS',5),('J2-3320','2016-11-16','VACCINATIONS',5),('T0-3277','2016-11-16','VACCINATIONS',5),('O8-0027','2016-11-16','GROOMING',1),('U6-4890','2016-11-17','VACCINATIONS',5),('N0-9539','2016-11-17','GROOMING',1),('X7-2632','2016-11-18','VACCINATIONS',5),('S4-9578','2016-11-18','GENERAL SURGERIES',3),('Q8-8753','2016-11-19','VACCINATIONS',5),('F6-5391','2016-11-19','VACCINATIONS',5),('P1-2578','2016-11-19','VACCINATIONS',5),('I5-4893','2016-11-19','VACCINATIONS',5),('L4-6292','2016-11-19','VACCINATIONS',5),('N6-7350','2016-11-19','GROOMING',3),('M8-7852','2016-11-19','ORTHOPEDIC',7),('P7-2443','2016-11-19','GROOMING',3),('L4-4205','2016-11-19','GROOMING',3),('O8-0027','2016-11-20','VACCINATIONS',5),('K0-8177','2016-11-21','VACCINATIONS',5),('X8-8611','2016-11-21','VACCINATIONS',5),('P1-2578','2016-11-21','VACCINATIONS',5),('S1-2243','2016-11-21','VACCINATIONS',5),('L4-2594','2016-11-21','VACCINATIONS',5),('M4-9675','2016-11-21','VACCINATIONS',5),('R4-6131','2016-11-21','VACCINATIONS',5),('I6-9459','2016-11-21','VACCINATIONS',5),('P1-2578','2016-11-21','VACCINATIONS',5),('U0-5987','2016-11-21','VACCINATIONS',5),('Z8-4419','2016-11-21','VACCINATIONS',5),('N0-9539','2016-11-21','VACCINATIONS',5),('J2-4382','2016-11-21','GENERAL SURGERIES',17),('V2-4634','2016-11-21','GROOMING',1),('M4-9675','2016-11-21','GENERAL SURGERIES',14),('O6-3123','2016-11-21','GROOMING',3),('M0-2904','2016-11-21','GROOMING',1),('Q0-8904','2016-11-21','GENERAL SURGERIES',3),('H8-1429','2016-11-22','ORTHOPEDIC',1),('X8-8611','2016-11-22','VACCINATIONS',5),('Q0-8904','2016-11-22','VACCINATIONS',5),('U2-4205','2016-11-23','VACCINATIONS',5),('L8-0046','2016-11-23','VACCINATIONS',5),('O5-2472','2016-11-23','VACCINATIONS',1),('N8-0553','2016-11-23','GENERAL SURGERIES',4),('X7-2632','2016-11-24','GROOMING',1),('J0-7893','2016-11-25','GROOMING',3),('V7-6771','2016-11-26','GENERAL SURGERIES',3),('Z4-4045','2016-11-27','VACCINATIONS',5),('J2-3320','2016-11-27','VACCINATIONS',5),('Q0-2001','2016-11-27','GROOMING',3),('J2-4382','2016-11-27','GROOMING',3),('H8-8856','2016-11-28','VACCINATIONS',5),('W9-8307','2016-11-28','VACCINATIONS',5),('X8-9212','2016-11-28','VACCINATIONS',5),('N7-6805','2016-11-29','VACCINATIONS',5),('J2-4382','2016-11-29','VACCINATIONS',5),('W8-5750','2016-11-29','GENERAL SURGERIES',19),('I5-4893','2016-11-29','GROOMING',3),('W8-5750','2016-11-30','VACCINATIONS',5),('J8-7429','2016-12-01','VACCINATIONS',5),('F1-1855','2016-12-01','VACCINATIONS',5),('K4-5012','2016-12-01','VACCINATIONS',5),('O5-2472','2016-12-01','VACCINATIONS',5),('S4-9578','2016-12-01','VACCINATIONS',5),('J2-3320','2016-12-01','VACCINATIONS',5),('T0-5705','2016-12-01','ORTHOPEDIC',5),('Z4-5652','2016-12-01','GROOMING',3),('H8-8856','2016-12-02','VACCINATIONS',5),('Q8-3145','2016-12-02','VACCINATIONS',5),('P0-1725','2016-12-02','VACCINATIONS',5),('Q9-1565','2016-12-02','VACCINATIONS',5),('U6-4890','2016-12-02','VACCINATIONS',5),('W9-8307','2016-12-02','VACCINATIONS',5),('M0-2904','2016-12-02','VACCINATIONS',5),('L8-9022','2016-12-02','VACCINATIONS',5),('P7-2443','2016-12-02','VACCINATIONS',5),('I2-7926','2016-12-02','VACCINATIONS',5),('X7-2632','2016-12-02','VACCINATIONS',5),('I2-7926','2016-12-02','ORTHOPEDIC',2),('L4-4205','2016-12-02','ORTHOPEDIC',8),('O3-1895','2016-12-02','GROOMING',1),('V5-2342','2016-12-02','GROOMING',1),('X7-2632','2016-12-02','GENERAL SURGERIES',3),('T8-1754','2016-12-03','VACCINATIONS',5),('Z8-4419','2016-12-03','VACCINATIONS',5),('S4-0789','2016-12-03','VACCINATIONS',5),('Q2-3642','2016-12-03','VACCINATIONS',5),('S4-9578','2016-12-03','VACCINATIONS',5),('G4-8096','2016-12-04','GENERAL SURGERIES',17),('O3-1895','2016-12-04','VACCINATIONS',5),('Q0-3593','2016-12-04','VACCINATIONS',5),('Q5-5872','2016-12-04','VACCINATIONS',5),('U2-7207','2016-12-04','VACCINATIONS',5),('O5-2472','2016-12-04','VACCINATIONS',5),('F6-5391','2016-12-04','VACCINATIONS',5),('Z8-4419','2016-12-04','VACCINATIONS',5),('U4-5113','2016-12-04','VACCINATIONS',5),('J1-6366','2016-12-04','VACCINATIONS',5),('Z6-3226','2016-12-04','GROOMING',3),('S4-4013','2016-12-04','GROOMING',1),('W8-5750','2016-12-05','VACCINATIONS',2),('L0-6660','2016-12-05','VACCINATIONS',5),('U0-5987','2016-12-05','VACCINATIONS',5),('X8-8611','2016-12-05','VACCINATIONS',5),('L2-1834','2016-12-05','VACCINATIONS',5),('J8-7429','2016-12-05','VACCINATIONS',5),('X8-8611','2016-12-05','VACCINATIONS',5),('X7-2632','2016-12-05','VACCINATIONS',5),('U8-6473','2016-12-05','VACCINATIONS',5),('H8-1429','2016-12-05','VACCINATIONS',5),('X6-4876','2016-12-05','VACCINATIONS',5),('G0-8531','2016-12-05','VACCINATIONS',5),('N6-7350','2016-12-05','VACCINATIONS',5),('G4-8096','2016-12-05','GROOMING',1),('K4-5012','2016-12-05','ORTHOPEDIC',3),('W8-5750','2016-12-05','GENERAL SURGERIES',10),('P9-6519','2016-12-05','GENERAL SURGERIES',9),('S4-4013','2016-12-05','VACCINATIONS',5),('M2-1131','2016-12-05','GROOMING',3),('J6-8562','2016-12-05','GROOMING',3),('G4-8096','2016-12-05','GROOMING',3),('L4-4030','2016-12-05','GROOMING',3),('X0-8765','2016-12-05','GROOMING',3),('J1-6366','2016-12-05','GROOMING',1),('R4-6131','2016-12-05','GROOMING',1),('J1-6366','2016-12-05','GENERAL SURGERIES',3),('I6-9459','2016-12-06','VACCINATIONS',5),('G4-8096','2016-12-07','VACCINATIONS',5),('I7-9550','2016-12-07','VACCINATIONS',5),('W9-8307','2016-12-07','VACCINATIONS',5),('H8-1429','2016-12-07','VACCINATIONS',5),('P7-2443','2016-12-07','VACCINATIONS',5),('L4-4030','2016-12-07','VACCINATIONS',5),('P0-1725','2016-12-07','VACCINATIONS',5),('R7-4835','2016-12-07','VACCINATIONS',5),('P2-7342','2016-12-07','VACCINATIONS',5),('I5-4893','2016-12-07','VACCINATIONS',5),('U2-4205','2016-12-07','VACCINATIONS',5),('Q0-8904','2016-12-07','GENERAL SURGERIES',3),('U2-7207','2016-12-07','GROOMING',3),('P9-6519','2016-12-07','GROOMING',3),('T8-1754','2016-12-08','VACCINATIONS',5),('S5-5938','2016-12-08','VACCINATIONS',5),('U8-6473','2016-12-08','VACCINATIONS',5),('Z4-4045','2016-12-08','VACCINATIONS',5),('G0-8531','2016-12-08','VACCINATIONS',5),('M4-9675','2016-12-08','VACCINATIONS',5),('P9-6519','2016-12-08','GENERAL SURGERIES',17),('P0-1725','2016-12-08','GENERAL SURGERIES',13),('V2-4634','2016-12-08','GENERAL SURGERIES',4),('S4-9578','2016-12-08','GROOMING',1),('U6-4890','2016-12-09','ORTHOPEDIC',2),('Z4-5652','2016-12-09','VACCINATIONS',5),('K4-5012','2016-12-09','VACCINATIONS',5),('P2-7342','2016-12-09','VACCINATIONS',5),('Z8-4419','2016-12-09','VACCINATIONS',5),('M8-7852','2016-12-09','GROOMING',1),('I5-4893','2016-12-09','GROOMING',1),('R3-7551','2016-12-10','VACCINATIONS',5),('W9-8307','2016-12-10','VACCINATIONS',5),('I2-7926','2016-12-10','VACCINATIONS',5),('G0-8531','2016-12-10','VACCINATIONS',5),('U4-9376','2016-12-10','VACCINATIONS',5),('X0-8765','2016-12-10','VACCINATIONS',5),('V5-2342','2016-12-10','VACCINATIONS',5),('I7-9550','2016-12-10','VACCINATIONS',5),('Q4-9479','2016-12-10','VACCINATIONS',5),('J6-8562','2016-12-10','VACCINATIONS',5),('I7-9550','2016-12-10','VACCINATIONS',5),('R3-7551','2016-12-10','OFFICE FEES',1),('O8-2501','2016-12-10','GENERAL SURGERIES',19),('V7-6771','2016-12-10','GENERAL SURGERIES',19),('Q5-5872','2016-12-10','GENERAL SURGERIES',14),('U0-5987','2016-12-10','VACCINATIONS',6),('Q2-3642','2016-12-10','ORTHOPEDIC',1),('L4-6292','2016-12-10','GROOMING',3),('R3-7551','2016-12-10','GROOMING',3),('Z6-3226','2016-12-10','GROOMING',3),('P2-7342','2016-12-10','GROOMING',3),('T0-5705','2016-12-10','GROOMING',3),('H8-8856','2016-12-10','GROOMING',1),('F1-1855','2016-12-10','GROOMING',1),('O3-1895','2016-12-10','GROOMING',1),('S4-0789','2016-12-10','GROOMING',1),('J6-8562','2016-12-10','GROOMING',1),('L8-9022','2016-12-10','GROOMING',1),('R3-7551','2016-12-11','GENERAL SURGERIES',1),('Q8-8753','2016-12-11','VACCINATIONS',5),('O5-2472','2016-12-11','VACCINATIONS',5),('O8-0027','2016-12-11','GENERAL SURGERIES',12),('Z4-5652','2016-12-12','VACCINATIONS',5),('U4-6674','2016-12-13','VACCINATIONS',5),('S1-2243','2016-12-14','VACCINATIONS',5),('G0-8531','2016-12-14','VACCINATIONS',5),('L8-0046','2016-12-14','HOSPITALIZATION',1),('L4-4030','2016-12-14','GROOMING',3),('S1-2243','2016-12-15','VACCINATIONS',5),('R7-4835','2016-12-15','VACCINATIONS',5),('G6-6501','2016-12-15','VACCINATIONS',5),('J0-7893','2016-12-15','VACCINATIONS',5),('M0-2904','2016-12-15','VACCINATIONS',5),('M4-9675','2016-12-15','GROOMING',3),('U2-7207','2016-12-15','GROOMING',1),('P9-6519','2016-12-15','GENERAL SURGERIES',3),('S4-1063','2016-12-16','VACCINATIONS',5),('J2-4382','2016-12-16','VACCINATIONS',5),('K4-5012','2016-12-16','VACCINATIONS',5),('L4-6292','2016-12-16','VACCINATIONS',5),('R4-6131','2016-12-16','VACCINATIONS',5),('H8-1429','2016-12-16','VACCINATIONS',5),('L2-1834','2016-12-16','VACCINATIONS',5),('S4-0789','2016-12-16','VACCINATIONS',5),('U4-6674','2016-12-16','VACCINATIONS',5),('X8-9212','2016-12-16','VACCINATIONS',5),('L4-4205','2016-12-16','VACCINATIONS',5),('Q0-3593','2016-12-17','VACCINATIONS',5),('P9-6519','2016-12-18','VACCINATIONS',5),('L4-2594','2016-12-18','VACCINATIONS',5),('L4-4205','2016-12-18','VACCINATIONS',5),('X6-4876','2016-12-18','VACCINATIONS',5),('U4-9376','2016-12-18','VACCINATIONS',5),('I2-7926','2016-12-18','VACCINATIONS',5),('R3-7551','2016-12-18','VACCINATIONS',5),('X0-8765','2016-12-18','GENERAL SURGERIES',15),('P9-6519','2016-12-18','GENERAL SURGERIES',9),('X8-9212','2016-12-19','VACCINATIONS',5),('T0-3277','2016-12-19','VACCINATIONS',5),('O6-3123','2016-12-19','VACCINATIONS',3),('M2-1131','2016-12-20','VACCINATIONS',5),('V2-4634','2016-12-20','VACCINATIONS',5),('U4-5113','2016-12-20','GROOMING',3),('G6-6501','2016-12-21','VACCINATIONS',5),('L8-9022','2016-12-21','VACCINATIONS',5),('J0-7893','2016-12-21','VACCINATIONS',5),('Q8-3145','2016-12-21','VACCINATIONS',5),('V5-2342','2016-12-21','VACCINATIONS',5),('N6-7350','2016-12-21','VACCINATIONS',5),('W8-5750','2016-12-21','VACCINATIONS',5),('J1-6366','2016-12-21','GENERAL SURGERIES',1),('M2-1131','2016-12-21','ORTHOPEDIC',5),('L4-6292','2016-12-21','GROOMING',1),('L4-2594','2016-12-22','GENERAL SURGERIES',6),('N0-9539','2016-12-22','VACCINATIONS',5),('V4-6172','2016-12-22','VACCINATIONS',5),('T8-1754','2016-12-22','VACCINATIONS',5),('L4-9973','2016-12-22','VACCINATIONS',5),('I7-9550','2016-12-22','VACCINATIONS',5),('S4-2254','2016-12-22','VACCINATIONS',5),('U0-5987','2016-12-22','VACCINATIONS',5),('V2-4634','2016-12-22','VACCINATIONS',5),('O5-2472','2016-12-22','VACCINATIONS',5),('I6-9459','2016-12-22','VACCINATIONS',5),('L4-4205','2016-12-22','HOSPITALIZATION',1),('X7-2632','2016-12-22','GENERAL SURGERIES',4),('W8-5750','2016-12-22','VACCINATIONS',2),('J2-3320','2016-12-22','GENERAL SURGERIES',2),('U0-5987','2016-12-22','GROOMING',3),('S4-9578','2016-12-22','GROOMING',1),('T2-2142','2016-12-22','GROOMING',1),('N0-9539','2016-12-23','VACCINATIONS',5),('L4-6292','2016-12-23','VACCINATIONS',5),('J0-7893','2016-12-23','VACCINATIONS',5),('W7-6372','2016-12-23','VACCINATIONS',5),('X7-2632','2016-12-23','VACCINATIONS',5),('S4-1063','2016-12-23','VACCINATIONS',5),('Z4-5652','2016-12-24','GROOMING',3),('P1-2578','2016-12-25','VACCINATIONS',5),('L2-1834','2016-12-26','VACCINATIONS',5),('M4-9675','2016-12-26','VACCINATIONS',5),('M2-1131','2016-12-27','GROOMING',1),('H8-1429','2016-12-27','VACCINATIONS',5),('I5-4893','2016-12-27','VACCINATIONS',5),('O3-1895','2016-12-27','VACCINATIONS',5),('O8-0027','2016-12-27','VACCINATIONS',5),('N0-9539','2016-12-27','VACCINATIONS',5),('S4-4013','2016-12-27','VACCINATIONS',5),('S5-5938','2016-12-27','VACCINATIONS',5),('W8-5750','2016-12-27','VACCINATIONS',5),('I7-9550','2016-12-27','VACCINATIONS',5),('L8-9022','2016-12-27','VACCINATIONS',5),('L4-4030','2016-12-27','ORTHOPEDIC',3),('S4-1063','2016-12-27','GROOMING',3),('L8-0046','2016-12-28','VACCINATIONS',5),('O1-7229','2016-12-28','VACCINATIONS',5),('Q0-3593','2016-12-28','VACCINATIONS',5),('P2-7342','2016-12-28','VACCINATIONS',5),('V4-6172','2016-12-28','VACCINATIONS',5),('G4-8096','2016-12-28','VACCINATIONS',5),('Q0-2001','2016-12-28','VACCINATIONS',5),('L0-6660','2016-12-28','VACCINATIONS',5),('T2-2142','2016-12-28','VACCINATIONS',5),('U8-6473','2016-12-28','VACCINATIONS',5),('N7-6805','2016-12-28','VACCINATIONS',5),('Z4-4045','2016-12-28','GENERAL SURGERIES',8),('R3-7551','2016-12-28','GROOMING',3),('O3-1895','2016-12-28','GROOMING',1),('J1-6366','2016-12-28','GROOMING',1),('U2-4205','2016-12-28','GROOMING',1),('P9-3625','2016-12-28','GROOMING',1),('G0-7675','2016-12-28','GROOMING',1),('I7-9550','2016-12-28','GROOMING',1),('F1-1855','2016-12-28','GENERAL SURGERIES',3),('U2-4205','2016-12-29','GENERAL SURGERIES',7),('P9-3625','2016-12-29','VACCINATIONS',5),('K4-5012','2016-12-29','GENERAL SURGERIES',17),('M2-1131','2016-12-30','VACCINATIONS',5),('Q0-8904','2016-12-30','VACCINATIONS',5),('F1-1855','2016-12-30','VACCINATIONS',5),('T2-2142','2016-12-30','VACCINATIONS',5),('Q0-2001','2016-12-30','ORTHOPEDIC',3),('M8-7852','2016-12-31','VACCINATIONS',5),('I6-9459','2016-12-31','VACCINATIONS',5);
/*!40000 ALTER TABLE `procedure_history` ENABLE KEYS */;
UNLOCK TABLES;
/*!40103 SET TIME_ZONE=@OLD_TIME_ZONE */;

/*!40101 SET SQL_MODE=@OLD_SQL_MODE */;
/*!40014 SET FOREIGN_KEY_CHECKS=@OLD_FOREIGN_KEY_CHECKS */;
/*!40014 SET UNIQUE_CHECKS=@OLD_UNIQUE_CHECKS */;
/*!40101 SET CHARACTER_SET_CLIENT=@OLD_CHARACTER_SET_CLIENT */;
/*!40101 SET CHARACTER_SET_RESULTS=@OLD_CHARACTER_SET_RESULTS */;
/*!40101 SET COLLATION_CONNECTION=@OLD_COLLATION_CONNECTION */;
/*!40111 SET SQL_NOTES=@OLD_SQL_NOTES */;

/* Query 1 */
select procedure_type from procedure_detail where price > 150;

/* Query 2 */
SELECT owner.owner_id,owner.name  FROM owner INNER JOIN pet ON owner.owner_id = pet.owner_id where pet.kind='Parrot';

/* Query 3 */
SELECT name,zip_code FROM owner GROUP BY zip_code HAVING COUNT(zip_code) > 1;

/* Query 4 */
SELECT *  FROM pet INNER JOIN procedure_history ON pet.pet_id = procedure_history.pet_id where procedure_history.date between '2016-02-01' and '2016-02-29';

/* Query 5 */
SELECT SUM(procedure_detail.price)  FROM procedure_history,procedure_detail,pet,owner   WHERE procedure_history.procedure_subcode=procedure_detail.procedure_subcode   AND procedure_history.pet_id=pet.pet_id  AND pet.owner_id=owner.owner_id   AND procedure_history.date between '2016-03-01' and '2016-03-31'  AND owner.zip_code=49503;




-- Dump completed on 2020-07-17 17:09:02
